[INFO] [launch]: All log files can be found below /root/.ros/log/2026-08-23-13-52-58-080890-5208c7702229-3433792
[INFO] [launch]: Default logging verbosity is set to INFO
[INFO] [launch_ros.actions.load_composable_nodes]: Loaded node '/system/topic_state_monitor_pose_twist_fusion_filter_pose' in container '/system/component_state_monitor/container'
[INFO] [launch_ros.actions.load_composable_nodes]: Loaded node '/system/topic_state_monitor_system_emergency_control_cmd' in container '/system/component_state_monitor/container'
[INFO] [launch_ros.actions.load_composable_nodes]: Loaded node '/system/mrm_emergency_stop_operator' in container '/system/mrm_emergency_stop_operator/mrm_emergency_stop_operator_container'
[INFO] [launch_ros.actions.load_composable_nodes]: Loaded node '/system/mrm_comfortable_stop_operator' in container '/system/mrm_comfortable_stop_operator/mrm_comfortable_stop_operator_container'
[INFO] [launch_ros.actions.load_composable_nodes]: Loaded node '/system/topic_state_monitor_transform_map_to_base_link' in container '/system/component_state_monitor/container'
[INFO] [component_container_mt-1]: process started with pid [3436736]
[INFO] [robot_state_publisher-2]: process started with pid [3436738]
[INFO] [autoware_raw_vehicle_cmd_converter_node-3]: process started with pid [3436740]
[INFO] [autoware_duplicated_node_checker_node-4]: process started with pid [3436742]
[INFO] [processing_time_checker_node-5]: process started with pid [3436744]
[INFO] [autoware_pipeline_latency_monitor_node-6]: process started with pid [3436746]
[INFO] [service_log_checker_node-7]: process started with pid [3436748]
[INFO] [component_container-8]: process started with pid [3436750]
[INFO] [component_container-9]: process started with pid [3436752]
[INFO] [component_container-10]: process started with pid [3436754]
[INFO] [aggregator_node-11]: process started with pid [3436756]
[INFO] [converter_node-12]: process started with pid [3436758]
[INFO] [autoware_hazard_status_converter_node-13]: process started with pid [3436760]
[INFO] [autoware_mrm_handler_node-14]: process started with pid [3436762]
[INFO] [logging_node-15]: process started with pid [3436764]
[INFO] [component_container_mt-16]: process started with pid [3436766]
[INFO] [map_hash_generator-17]: process started with pid [3436768]
[INFO] [autoware_map_projection_loader_node-18]: process started with pid [3436770]
[INFO] [component_container-19]: process started with pid [3436772]
[INFO] [component_container-20]: process started with pid [3436774]
[INFO] [component_container-21]: process started with pid [3436776]
[INFO] [imu_corrector_node-22]: process started with pid [3436780]
[INFO] [gyro_bias_estimator_node-23]: process started with pid [3436782]
[INFO] [autoware_vehicle_velocity_converter_node-24]: process started with pid [3436794]
[INFO] [autoware_ndt_scan_matcher_node-25]: process started with pid [3436804]
[INFO] [autoware_gyro_odometer_node-26]: process started with pid [3436824]
[INFO] [autoware_pose_initializer_node-27]: process started with pid [3436827]
[INFO] [autoware_automatic_pose_initializer_node-28]: process started with pid [3436831]
[INFO] [autoware_ekf_localizer_node-29]: process started with pid [3436834]
[INFO] [autoware_stop_filter_node-30]: process started with pid [3436847]
[INFO] [autoware_twist2accel_node-31]: process started with pid [3436849]
[INFO] [autoware_pose_instability_detector_node-32]: process started with pid [3436852]
[INFO] [autoware_localization_error_monitor_node-33]: process started with pid [3436856]
[INFO] [shape_estimation_node-34]: process started with pid [3436872]
[INFO] [detected_object_feature_remover_node-35]: process started with pid [3436877]
[INFO] [multi_object_tracker_node-36]: process started with pid [3436882]
[INFO] [map_based_prediction-37]: process started with pid [3436916]
[INFO] [relay-38]: process started with pid [3436921]
[INFO] [traffic_light_map_based_detector_node-39]: process started with pid [3436933]
[INFO] [component_container_mt-40]: process started with pid [3436938]
[INFO] [traffic_light_occlusion_predictor_node-41]: process started with pid [3436951]
[INFO] [traffic_light_multi_camera_fusion_node-42]: process started with pid [3436963]
[INFO] [traffic_light_arbiter_node-43]: process started with pid [3436973]
[INFO] [crosswalk_traffic_light_estimator_node-44]: process started with pid [3436986]
[INFO] [traffic_light_map_visualizer_node-45]: process started with pid [3437002]
[INFO] [autoware_perception_analytics_publisher_node-46]: process started with pid [3437005]
[INFO] [autoware_manual_lane_change_handler_node-47]: process started with pid [3437015]
[INFO] [component_container_mt-48]: process started with pid [3437025]
[INFO] [goal_pose_visualizer-49]: process started with pid [3437030]
[INFO] [autoware_scenario_selector_node-50]: process started with pid [3437042]
[INFO] [external_velocity_limit_selector-51]: process started with pid [3437053]
[INFO] [component_container-52]: process started with pid [3437066]
[INFO] [autoware_hazard_lights_selector_node-53]: process started with pid [3437077]
[INFO] [component_container_mt-54]: process started with pid [3437091]
[INFO] [component_container_mt-55]: process started with pid [3437093]
[INFO] [component_container_mt-56]: process started with pid [3437097]
[INFO] [component_container_mt-57]: process started with pid [3437115]
[INFO] [planning_evaluator-58]: process started with pid [3437120]
[INFO] [autoware_remaining_distance_time_calculator_node-59]: process started with pid [3437150]
[INFO] [component_container_mt-60]: process started with pid [3437168]
[INFO] [component_container_mt-61]: process started with pid [3437170]
[INFO] [control_evaluator-62]: process started with pid [3437173]
[INFO] [component_container_mt-63]: process started with pid [3437190]
[INFO] [initial_pose_adaptor_node-64]: process started with pid [3437192]
[INFO] [routing_adaptor_node-65]: process started with pid [3437206]
[INFO] [launch_ros.actions.load_composable_nodes]: Loaded node '/system/topic_state_monitor_vector_map' in container '/system/component_state_monitor/container'
[autoware_map_projection_loader_node-18] Load /root/awsim/nishishinjuku_autoware_map/lanelet2_map.osm
[autoware_map_projection_loader_node-18] DEPRECATED WARNING: Loading map projection info from lanelet2 map may soon be deleted. Please use map_projector_info.yaml instead. For more info, visit https://github.com/autowarefoundation/autoware.universe/blob/main/map/map_projection_loader/README.md
[INFO] [launch_ros.actions.load_composable_nodes]: Loaded node '/system/topic_state_monitor_control_command_control_cmd' in container '/system/component_state_monitor/container'
[robot_state_publisher-2] [INFO] [1787493229.520429805] [robot_state_publisher]: got segment base_link
[robot_state_publisher-2] [INFO] [1787493229.520511746] [robot_state_publisher]: got segment camera0/camera_link
[robot_state_publisher-2] [INFO] [1787493229.520524696] [robot_state_publisher]: got segment camera0/camera_optical_link
[robot_state_publisher-2] [INFO] [1787493229.520533086] [robot_state_publisher]: got segment camera1/camera_link
[robot_state_publisher-2] [INFO] [1787493229.520540776] [robot_state_publisher]: got segment camera1/camera_optical_link
[robot_state_publisher-2] [INFO] [1787493229.520548416] [robot_state_publisher]: got segment camera2/camera_link
[robot_state_publisher-2] [INFO] [1787493229.520556016] [robot_state_publisher]: got segment camera2/camera_optical_link
[robot_state_publisher-2] [INFO] [1787493229.520563556] [robot_state_publisher]: got segment camera3/camera_link
[robot_state_publisher-2] [INFO] [1787493229.520571256] [robot_state_publisher]: got segment camera3/camera_optical_link
[robot_state_publisher-2] [INFO] [1787493229.520578706] [robot_state_publisher]: got segment camera4/camera_link
[robot_state_publisher-2] [INFO] [1787493229.520586826] [robot_state_publisher]: got segment camera4/camera_optical_link
[robot_state_publisher-2] [INFO] [1787493229.520594486] [robot_state_publisher]: got segment camera5/camera_link
[robot_state_publisher-2] [INFO] [1787493229.520601996] [robot_state_publisher]: got segment camera5/camera_optical_link
[robot_state_publisher-2] [INFO] [1787493229.520609506] [robot_state_publisher]: got segment gnss_link
[robot_state_publisher-2] [INFO] [1787493229.520617146] [robot_state_publisher]: got segment sensor_kit_base_link
[robot_state_publisher-2] [INFO] [1787493229.520624246] [robot_state_publisher]: got segment tamagawa/imu_link
[robot_state_publisher-2] [INFO] [1787493229.520632096] [robot_state_publisher]: got segment traffic_light_left_camera/camera_link
[robot_state_publisher-2] [INFO] [1787493229.520639386] [robot_state_publisher]: got segment traffic_light_left_camera/camera_optical_link
[robot_state_publisher-2] [INFO] [1787493229.520645926] [robot_state_publisher]: got segment traffic_light_right_camera/camera_link
[robot_state_publisher-2] [INFO] [1787493229.520652416] [robot_state_publisher]: got segment traffic_light_right_camera/camera_optical_link
[robot_state_publisher-2] [INFO] [1787493229.520659116] [robot_state_publisher]: got segment velodyne_left
[robot_state_publisher-2] [INFO] [1787493229.520665656] [robot_state_publisher]: got segment velodyne_left_base_link
[robot_state_publisher-2] [INFO] [1787493229.520672836] [robot_state_publisher]: got segment velodyne_rear
[robot_state_publisher-2] [INFO] [1787493229.520679716] [robot_state_publisher]: got segment velodyne_rear_base_link
[robot_state_publisher-2] [INFO] [1787493229.520686526] [robot_state_publisher]: got segment velodyne_right
[robot_state_publisher-2] [INFO] [1787493229.520693536] [robot_state_publisher]: got segment velodyne_right_base_link
[robot_state_publisher-2] [INFO] [1787493229.520700636] [robot_state_publisher]: got segment velodyne_top
[robot_state_publisher-2] [INFO] [1787493229.520707776] [robot_state_publisher]: got segment velodyne_top_base_link
[autoware_pipeline_latency_monitor_node-6] [INFO] [1787493229.567421152] [system.pipeline_latency_monitor]: PipelineLatencyMonitorNode initialized
[component_container-8] [INFO] [1787493229.329669788] [system.component_state_monitor.container]: Load Library: /root/autoware/install/autoware_topic_state_monitor/lib/libautoware_topic_state_monitor.so
[component_container-8] [INFO] [1787493229.348784806] [system.component_state_monitor.container]: Found class: rclcpp_components::NodeFactoryTemplate<autoware::topic_state_monitor::TopicStateMonitorNode>
[component_container-8] [INFO] [1787493229.352644009] [system.component_state_monitor.container]: Instantiate class: rclcpp_components::NodeFactoryTemplate<autoware::topic_state_monitor::TopicStateMonitorNode>
[component_container-8] [INFO] [1787493229.465307360] [system.component_state_monitor.container]: Found class: rclcpp_components::NodeFactoryTemplate<autoware::topic_state_monitor::TopicStateMonitorNode>
[component_container-8] [INFO] [1787493229.465345130] [system.component_state_monitor.container]: Instantiate class: rclcpp_components::NodeFactoryTemplate<autoware::topic_state_monitor::TopicStateMonitorNode>
[component_container-8] [INFO] [1787493229.596053974] [system.component_state_monitor.container]: Found class: rclcpp_components::NodeFactoryTemplate<autoware::topic_state_monitor::TopicStateMonitorNode>
[component_container-8] [INFO] [1787493229.596093484] [system.component_state_monitor.container]: Instantiate class: rclcpp_components::NodeFactoryTemplate<autoware::topic_state_monitor::TopicStateMonitorNode>
[component_container-8] [INFO] [1787493229.731580575] [system.component_state_monitor.container]: Found class: rclcpp_components::NodeFactoryTemplate<autoware::topic_state_monitor::TopicStateMonitorNode>
[component_container-8] [INFO] [1787493229.731619385] [system.component_state_monitor.container]: Instantiate class: rclcpp_components::NodeFactoryTemplate<autoware::topic_state_monitor::TopicStateMonitorNode>
[component_container-9] [INFO] [1787493229.463155372] [system.mrm_comfortable_stop_operator.mrm_comfortable_stop_operator_container]: Load Library: /root/autoware/install/autoware_mrm_comfortable_stop_operator/lib/libautoware_mrm_comfortable_stop_operator_component.so
[component_container-9] [INFO] [1787493229.476577680] [system.mrm_comfortable_stop_operator.mrm_comfortable_stop_operator_container]: Found class: rclcpp_components::NodeFactoryTemplate<autoware::mrm_comfortable_stop_operator::MrmComfortableStopOperator>
[component_container-9] [INFO] [1787493229.476604100] [system.mrm_comfortable_stop_operator.mrm_comfortable_stop_operator_container]: Instantiate class: rclcpp_components::NodeFactoryTemplate<autoware::mrm_comfortable_stop_operator::MrmComfortableStopOperator>
[component_container-10] [INFO] [1787493229.476495479] [system.mrm_emergency_stop_operator.mrm_emergency_stop_operator_container]: Load Library: /root/autoware/install/autoware_mrm_emergency_stop_operator/lib/libautoware_mrm_emergency_stop_operator_component.so
[component_container-10] [INFO] [1787493229.491267042] [system.mrm_emergency_stop_operator.mrm_emergency_stop_operator_container]: Found class: rclcpp_components::NodeFactoryTemplate<autoware::mrm_emergency_stop_operator::MrmEmergencyStopOperator>
[component_container-10] [INFO] [1787493229.491305612] [system.mrm_emergency_stop_operator.mrm_emergency_stop_operator_container]: Instantiate class: rclcpp_components::NodeFactoryTemplate<autoware::mrm_emergency_stop_operator::MrmEmergencyStopOperator>
[component_container_mt-16] [INFO] [1787493229.624934217] [map.map_container]: Load Library: /root/autoware/install/autoware_map_loader/lib/libpointcloud_map_loader_node.so
[component_container-19] [INFO] [1787493229.651030169] [sensing.lidar.top.pointcloud_preprocessor.pointcloud_container]: Load Library: /root/autoware/install/autoware_pointcloud_preprocessor/lib/libpointcloud_preprocessor_filter.so
[component_container-20] [INFO] [1787493229.694635984] [sensing.lidar.left.pointcloud_preprocessor.pointcloud_container]: Load Library: /root/autoware/install/autoware_pointcloud_preprocessor/lib/libpointcloud_preprocessor_filter.so
[component_container-21] [INFO] [1787493229.768459666] [sensing.lidar.right.pointcloud_preprocessor.pointcloud_container]: Load Library: /root/autoware/install/autoware_pointcloud_preprocessor/lib/libpointcloud_preprocessor_filter.so
[imu_corrector_node-22] [INFO] [1787493229.873254959] [sensing.imu.imu_corrector]: correct_for_static_bias: true
[imu_corrector_node-22] [INFO] [1787493229.873336959] [sensing.imu.imu_corrector]: correct_for_dynamic_bias: false
[imu_corrector_node-22] [INFO] [1787493229.873350539] [sensing.imu.imu_corrector]: correct_for_scale: false
[component_container-8] [INFO] [1787493229.893971472] [system.component_state_monitor.container]: Found class: rclcpp_components::NodeFactoryTemplate<autoware::topic_state_monitor::TopicStateMonitorNode>
[component_container-8] [INFO] [1787493229.894011162] [system.component_state_monitor.container]: Instantiate class: rclcpp_components::NodeFactoryTemplate<autoware::topic_state_monitor::TopicStateMonitorNode>
[component_container_mt-1] [INFO] [1787493229.929139467] [pointcloud_container]: Load Library: /root/autoware/install/autoware_pointcloud_preprocessor/lib/libpointcloud_preprocessor_filter.so
[component_container-8] [INFO] [1787493230.183483682] [system.component_state_monitor.container]: Found class: rclcpp_components::NodeFactoryTemplate<autoware::topic_state_monitor::TopicStateMonitorNode>
[component_container-8] [INFO] [1787493230.183526042] [system.component_state_monitor.container]: Instantiate class: rclcpp_components::NodeFactoryTemplate<autoware::topic_state_monitor::TopicStateMonitorNode>
[shape_estimation_node-34] [INFO] [1787493230.216464099] [perception.object_recognition.detection.clustering.shape_estimation]: using boost shape estimation : 0
[autoware_gyro_odometer_node-26] [ERROR] [1787493230.397098402] [localization.twist_estimator.gyro_odometer]: Twist msg has not been arrived yet.; IMU msg has not been arrived yet.; Please publish TF from base_link to frame of IMU.; 
[autoware_ekf_localizer_node-29] [WARN] [1787493230.403895836] [localization.pose_twist_fusion_filter.ekf_localizer]: The node is not activated. Provide initial pose to pose_initializer
[component_container-8] [INFO] [1787493230.431975556] [system.topic_state_monitor_vector_map]: /map/vector_map has not received. Set ERROR in diagnostics.
[INFO] [launch_ros.actions.load_composable_nodes]: Loaded node '/system/topic_state_monitor_vehicle_status_steering_status' in container '/system/component_state_monitor/container'
[component_container-8] [INFO] [1787493230.496177824] [system.component_state_monitor.container]: Found class: rclcpp_components::NodeFactoryTemplate<autoware::topic_state_monitor::TopicStateMonitorNode>
[component_container-8] [INFO] [1787493230.496225245] [system.component_state_monitor.container]: Instantiate class: rclcpp_components::NodeFactoryTemplate<autoware::topic_state_monitor::TopicStateMonitorNode>
[component_container-8] [INFO] [1787493230.622566544] [system.component_state_monitor.container]: Found class: rclcpp_components::NodeFactoryTemplate<autoware::topic_state_monitor::TopicStateMonitorNode>
[component_container-8] [INFO] [1787493230.622607874] [system.component_state_monitor.container]: Instantiate class: rclcpp_components::NodeFactoryTemplate<autoware::topic_state_monitor::TopicStateMonitorNode>
[INFO] [launch_ros.actions.load_composable_nodes]: Loaded node '/system/topic_state_monitor_object_recognition_objects' in container '/system/component_state_monitor/container'
[INFO] [launch_ros.actions.load_composable_nodes]: Loaded node '/system/topic_state_monitor_scenario_planning_trajectory' in container '/system/component_state_monitor/container'
[component_container-8] [INFO] [1787493230.649511990] [system.component_state_monitor.container]: Found class: rclcpp_components::NodeFactoryTemplate<autoware::topic_state_monitor::TopicStateMonitorNode>
[component_container-8] [INFO] [1787493230.649559110] [system.component_state_monitor.container]: Instantiate class: rclcpp_components::NodeFactoryTemplate<autoware::topic_state_monitor::TopicStateMonitorNode>
[component_container-8] [INFO] [1787493230.680546201] [system.component_state_monitor.container]: Found class: rclcpp_components::NodeFactoryTemplate<autoware::topic_state_monitor::TopicStateMonitorNode>
[component_container-8] [INFO] [1787493230.680938182] [system.component_state_monitor.container]: Instantiate class: rclcpp_components::NodeFactoryTemplate<autoware::topic_state_monitor::TopicStateMonitorNode>
[INFO] [launch_ros.actions.load_composable_nodes]: Loaded node '/system/topic_state_monitor_traffic_light_recognition_traffic_signals' in container '/system/component_state_monitor/container'
[component_container_mt-16] [INFO] [1787493230.975677121] [map.map_container]: Found class: rclcpp_components::NodeFactoryTemplate<autoware::map_loader::PointCloudMapLoaderNode>
[component_container_mt-16] [INFO] [1787493230.975726061] [map.map_container]: Instantiate class: rclcpp_components::NodeFactoryTemplate<autoware::map_loader::PointCloudMapLoaderNode>
[INFO] [launch_ros.actions.load_composable_nodes]: Loaded node '/system/topic_state_monitor_pointcloud_map' in container '/system/component_state_monitor/container'
[component_container-8] [INFO] [1787493231.062831731] [system.component_state_monitor.container]: Found class: rclcpp_components::NodeFactoryTemplate<autoware::topic_state_monitor::TopicStateMonitorNode>
[component_container-8] [INFO] [1787493231.063742694] [system.component_state_monitor.container]: Instantiate class: rclcpp_components::NodeFactoryTemplate<autoware::topic_state_monitor::TopicStateMonitorNode>
[traffic_light_arbiter_node-43] [WARN] [1787493231.156345565] [perception.traffic_light_recognition.traffic_light_arbiter]: Received traffic signal messages before a map
[INFO] [launch_ros.actions.load_composable_nodes]: Loaded node '/system/topic_state_monitor_trajectory_follower_control_cmd' in container '/system/component_state_monitor/container'
[multi_object_tracker_node-36] [INFO] [1787493231.322133885] [perception.object_recognition.tracking.multi_object_tracker]: InputManager::init Initializing centerpoint input stream index 0
[multi_object_tracker_node-36] [INFO] [1787493231.322227116] [perception.object_recognition.tracking.multi_object_tracker]: InputManager::init Initializing none input stream index 1
[multi_object_tracker_node-36] [INFO] [1787493231.322242026] [perception.object_recognition.tracking.multi_object_tracker]: InputManager::init Initializing none input stream index 2
[multi_object_tracker_node-36] [INFO] [1787493231.322251226] [perception.object_recognition.tracking.multi_object_tracker]: InputManager::init Initializing none input stream index 3
[multi_object_tracker_node-36] [INFO] [1787493231.322259326] [perception.object_recognition.tracking.multi_object_tracker]: InputManager::init Initializing none input stream index 4
[multi_object_tracker_node-36] [INFO] [1787493231.322267796] [perception.object_recognition.tracking.multi_object_tracker]: InputManager::init Initializing none input stream index 5
[multi_object_tracker_node-36] [INFO] [1787493231.322290616] [perception.object_recognition.tracking.multi_object_tracker]: InputManager::init Initializing none input stream index 6
[multi_object_tracker_node-36] [INFO] [1787493231.322338006] [perception.object_recognition.tracking.multi_object_tracker]: InputManager::init Initializing none input stream index 7
[multi_object_tracker_node-36] [INFO] [1787493231.322347936] [perception.object_recognition.tracking.multi_object_tracker]: InputManager::init Initializing camera_streampetr input stream index 8
[multi_object_tracker_node-36] [INFO] [1787493231.322356466] [perception.object_recognition.tracking.multi_object_tracker]: InputManager::init Initializing none input stream index 9
[multi_object_tracker_node-36] [INFO] [1787493231.322364406] [perception.object_recognition.tracking.multi_object_tracker]: InputManager::init Initializing none input stream index 10
[multi_object_tracker_node-36] [INFO] [1787493231.322372856] [perception.object_recognition.tracking.multi_object_tracker]: InputManager::init Initializing none input stream index 11
[component_container-8] [INFO] [1787493231.343995404] [system.component_state_monitor.container]: Found class: rclcpp_components::NodeFactoryTemplate<autoware::topic_state_monitor::TopicStateMonitorNode>
[component_container-8] [INFO] [1787493231.344042944] [system.component_state_monitor.container]: Instantiate class: rclcpp_components::NodeFactoryTemplate<autoware::topic_state_monitor::TopicStateMonitorNode>
[component_container_mt-40] [INFO] [1787493231.355299874] [perception.traffic_light_recognition.traffic_light.traffic_light_node_container]: Load Library: /root/autoware/install/autoware_traffic_light_classifier/lib/libautoware_traffic_light_classifier.so
[autoware_scenario_selector_node-50] [INFO] [1787493231.633983277] [planning.scenario_planning.scenario_selector]: Waiting for current pose.
[INFO] [launch_ros.actions.load_composable_nodes]: Loaded node '/system/topic_state_monitor_mission_planning_route' in container '/system/component_state_monitor/container'
[component_container-8] [INFO] [1787493231.713393840] [system.component_state_monitor.container]: Found class: rclcpp_components::NodeFactoryTemplate<autoware::topic_state_monitor::TopicStateMonitorNode>
[component_container-8] [INFO] [1787493231.713781562] [system.component_state_monitor.container]: Instantiate class: rclcpp_components::NodeFactoryTemplate<autoware::topic_state_monitor::TopicStateMonitorNode>
[INFO] [launch_ros.actions.load_composable_nodes]: Loaded node '/system/topic_state_monitor_vehicle_status_velocity_status' in container '/system/component_state_monitor/container'
[component_container-8] [INFO] [1787493231.928445797] [system.component_state_monitor.container]: Found class: rclcpp_components::NodeFactoryTemplate<autoware::topic_state_monitor::TopicStateMonitorNode>
[component_container-8] [INFO] [1787493231.928495077] [system.component_state_monitor.container]: Instantiate class: rclcpp_components::NodeFactoryTemplate<autoware::topic_state_monitor::TopicStateMonitorNode>
[INFO] [launch_ros.actions.load_composable_nodes]: Loaded node '/system/topic_state_monitor_obstacle_segmentation_pointcloud' in container '/system/component_state_monitor/container'
[component_container-8] [INFO] [1787493232.043787778] [system.component_state_monitor.container]: Load Library: /root/autoware/install/autoware_component_state_monitor/lib/libautoware_component_state_monitor.so
[component_container-8] [INFO] [1787493232.045293844] [system.component_state_monitor.container]: Found class: rclcpp_components::NodeFactoryTemplate<autoware::component_state_monitor::StateMonitor>
[component_container-8] [INFO] [1787493232.045487214] [system.component_state_monitor.container]: Instantiate class: rclcpp_components::NodeFactoryTemplate<autoware::component_state_monitor::StateMonitor>
[component_container_mt-48] [INFO] [1787493232.055612640] [planning.mission_planning.mission_planner_container]: Load Library: /root/autoware/install/autoware_mission_planner_universe/lib/libautoware_mission_planner_universe_component.so
[autoware_mrm_handler_node-14] [INFO] [1787493232.140464333] [system.mrm_handler]: waiting for operation_mode_availability msg...
[component_container_mt-48] [INFO] [1787493232.212167040] [planning.mission_planning.mission_planner_container]: Found class: rclcpp_components::NodeFactoryTemplate<autoware::mission_planner_universe::MissionPlanner>
[component_container_mt-48] [INFO] [1787493232.212216830] [planning.mission_planning.mission_planner_container]: Instantiate class: rclcpp_components::NodeFactoryTemplate<autoware::mission_planner_universe::MissionPlanner>
[INFO] [launch_ros.actions.load_composable_nodes]: Loaded node '/system/component_state_monitor/component' in container '/system/component_state_monitor/container'
[component_container-52] [INFO] [1787493232.322464253] [planning.scenario_planning.velocity_smoother_container]: Load Library: /root/autoware/install/autoware_velocity_smoother/lib/libautoware_velocity_smoother_node.so
[component_container-20] [INFO] [1787493232.380473211] [sensing.lidar.left.pointcloud_preprocessor.pointcloud_container]: Found class: rclcpp_components::NodeFactoryTemplate<autoware::pointcloud_preprocessor::ApproximateDownsampleFilterComponent>
[component_container-20] [INFO] [1787493232.380529201] [sensing.lidar.left.pointcloud_preprocessor.pointcloud_container]: Found class: rclcpp_components::NodeFactoryTemplate<autoware::pointcloud_preprocessor::BlockageDiagComponent>
[component_container-20] [INFO] [1787493232.380538161] [sensing.lidar.left.pointcloud_preprocessor.pointcloud_container]: Found class: rclcpp_components::NodeFactoryTemplate<autoware::pointcloud_preprocessor::CropBoxFilterComponent>
[component_container-20] [INFO] [1787493232.380546121] [sensing.lidar.left.pointcloud_preprocessor.pointcloud_container]: Instantiate class: rclcpp_components::NodeFactoryTemplate<autoware::pointcloud_preprocessor::CropBoxFilterComponent>
[component_container_mt-1] [INFO] [1787493232.382384778] [pointcloud_container]: Found class: rclcpp_components::NodeFactoryTemplate<autoware::pointcloud_preprocessor::ApproximateDownsampleFilterComponent>
[component_container_mt-1] [INFO] [1787493232.382419338] [pointcloud_container]: Found class: rclcpp_components::NodeFactoryTemplate<autoware::pointcloud_preprocessor::BlockageDiagComponent>
[component_container_mt-1] [INFO] [1787493232.382430568] [pointcloud_container]: Found class: rclcpp_components::NodeFactoryTemplate<autoware::pointcloud_preprocessor::CropBoxFilterComponent>
[component_container_mt-1] [INFO] [1787493232.382439028] [pointcloud_container]: Found class: rclcpp_components::NodeFactoryTemplate<autoware::pointcloud_preprocessor::DistortionCorrectorComponent>
[component_container_mt-1] [INFO] [1787493232.382446648] [pointcloud_container]: Found class: rclcpp_components::NodeFactoryTemplate<autoware::pointcloud_preprocessor::DualReturnOutlierFilterComponent>
[component_container_mt-1] [INFO] [1787493232.382455188] [pointcloud_container]: Found class: rclcpp_components::NodeFactoryTemplate<autoware::pointcloud_preprocessor::Lanelet2MapFilterComponent>
[component_container_mt-1] [INFO] [1787493232.382463208] [pointcloud_container]: Found class: rclcpp_components::NodeFactoryTemplate<autoware::pointcloud_preprocessor::PassThroughFilterComponent>
[component_container_mt-1] [INFO] [1787493232.382470948] [pointcloud_container]: Found class: rclcpp_components::NodeFactoryTemplate<autoware::pointcloud_preprocessor::PassThroughFilterUInt16Component>
[component_container_mt-1] [INFO] [1787493232.382478768] [pointcloud_container]: Found class: rclcpp_components::NodeFactoryTemplate<autoware::pointcloud_preprocessor::PickupBasedVoxelGridDownsampleFilterComponent>
[component_container_mt-1] [INFO] [1787493232.382486818] [pointcloud_container]: Found class: rclcpp_components::NodeFactoryTemplate<autoware::pointcloud_preprocessor::PointCloudConcatenateDataSynchronizerComponent>
[component_container_mt-1] [INFO] [1787493232.382494648] [pointcloud_container]: Instantiate class: rclcpp_components::NodeFactoryTemplate<autoware::pointcloud_preprocessor::PointCloudConcatenateDataSynchronizerComponent>
[component_container-21] [INFO] [1787493232.484706823] [sensing.lidar.right.pointcloud_preprocessor.pointcloud_container]: Found class: rclcpp_components::NodeFactoryTemplate<autoware::pointcloud_preprocessor::ApproximateDownsampleFilterComponent>
[component_container-21] [INFO] [1787493232.484758653] [sensing.lidar.right.pointcloud_preprocessor.pointcloud_container]: Found class: rclcpp_components::NodeFactoryTemplate<autoware::pointcloud_preprocessor::BlockageDiagComponent>
[component_container-21] [INFO] [1787493232.484772693] [sensing.lidar.right.pointcloud_preprocessor.pointcloud_container]: Found class: rclcpp_components::NodeFactoryTemplate<autoware::pointcloud_preprocessor::CropBoxFilterComponent>
[component_container-21] [INFO] [1787493232.484782063] [sensing.lidar.right.pointcloud_preprocessor.pointcloud_container]: Instantiate class: rclcpp_components::NodeFactoryTemplate<autoware::pointcloud_preprocessor::CropBoxFilterComponent>
[component_container-19] [INFO] [1787493232.516529387] [sensing.lidar.top.pointcloud_preprocessor.pointcloud_container]: Found class: rclcpp_components::NodeFactoryTemplate<autoware::pointcloud_preprocessor::ApproximateDownsampleFilterComponent>
[component_container-19] [INFO] [1787493232.516594407] [sensing.lidar.top.pointcloud_preprocessor.pointcloud_container]: Found class: rclcpp_components::NodeFactoryTemplate<autoware::pointcloud_preprocessor::BlockageDiagComponent>
[component_container-19] [INFO] [1787493232.516604927] [sensing.lidar.top.pointcloud_preprocessor.pointcloud_container]: Found class: rclcpp_components::NodeFactoryTemplate<autoware::pointcloud_preprocessor::CropBoxFilterComponent>
[component_container-19] [INFO] [1787493232.516613967] [sensing.lidar.top.pointcloud_preprocessor.pointcloud_container]: Instantiate class: rclcpp_components::NodeFactoryTemplate<autoware::pointcloud_preprocessor::CropBoxFilterComponent>
[component_container-52] [INFO] [1787493232.521058693] [planning.scenario_planning.velocity_smoother_container]: Found class: rclcpp_components::NodeFactoryTemplate<autoware::velocity_smoother::VelocitySmootherNode>
[component_container-52] [INFO] [1787493232.521100943] [planning.scenario_planning.velocity_smoother_container]: Instantiate class: rclcpp_components::NodeFactoryTemplate<autoware::velocity_smoother::VelocitySmootherNode>
[component_container_mt-1] [INFO] [1787493232.549774295] [sensing.lidar.concatenate_data]: Utilize advanced matching strategy
[INFO] [launch_ros.actions.load_composable_nodes]: Loaded node '/sensing/lidar/left/crop_box_filter_self' in container '/sensing/lidar/left/pointcloud_preprocessor/pointcloud_container'
[component_container_mt-1] [INFO] [1787493232.669095301] [pointcloud_container]: Found class: rclcpp_components::NodeFactoryTemplate<autoware::pointcloud_preprocessor::ApproximateDownsampleFilterComponent>
[component_container_mt-1] [INFO] [1787493232.669150301] [pointcloud_container]: Found class: rclcpp_components::NodeFactoryTemplate<autoware::pointcloud_preprocessor::BlockageDiagComponent>
[component_container_mt-1] [INFO] [1787493232.669163012] [pointcloud_container]: Found class: rclcpp_components::NodeFactoryTemplate<autoware::pointcloud_preprocessor::CropBoxFilterComponent>
[component_container_mt-1] [INFO] [1787493232.669172492] [pointcloud_container]: Instantiate class: rclcpp_components::NodeFactoryTemplate<autoware::pointcloud_preprocessor::CropBoxFilterComponent>
[INFO] [launch_ros.actions.load_composable_nodes]: Loaded node '/sensing/lidar/concatenate_data' in container 'pointcloud_container'
[INFO] [launch_ros.actions.load_composable_nodes]: Loaded node '/planning/mission_planning/mission_planner' in container '/planning/mission_planning/mission_planner_container'
[INFO] [launch_ros.actions.load_composable_nodes]: Loaded node '/sensing/lidar/right/crop_box_filter_self' in container '/sensing/lidar/right/pointcloud_preprocessor/pointcloud_container'
[component_container_mt-54] [INFO] [1787493232.730855202] [planning.scenario_planning.lane_driving.behavior_planning.behavior_planning_container]: Load Library: /root/autoware/install/autoware_behavior_velocity_planner/lib/libautoware_behavior_velocity_planner_lib.so
[INFO] [launch_ros.actions.load_composable_nodes]: Loaded node '/sensing/lidar/top/crop_box_filter_self' in container '/sensing/lidar/top/pointcloud_preprocessor/pointcloud_container'
[component_container_mt-55] [INFO] [1787493232.736173771] [planning.scenario_planning.lane_driving.motion_planning.motion_planning_container]: Load Library: /root/autoware/install/autoware_path_smoother/lib/libautoware_path_smoother.so
[component_container_mt-48] [INFO] [1787493232.774618328] [planning.mission_planning.mission_planner]: waiting lanelet map... Route API is not ready.
[logging_node-15] [WARN] [1787493232.775119340] [logging_diag_graph]: The target mode is not available for the following reasons:
[logging_node-15] - /autoware/modes/autonomous ERROR
[logging_node-15]     - /autoware/map ERROR
[logging_node-15]         - /autoware/map/topic_rate_check/vector_map ERROR
[logging_node-15]         - /autoware/map/topic_rate_check/pointcloud_map STALE
[logging_node-15]     - /autoware/localization ERROR
[logging_node-15]         - /autoware/localization/state STALE
[logging_node-15]         - [anonymous group] ERROR
[logging_node-15]             - /autoware/localization/topic_rate_check/pose_twist_fusion STALE
[logging_node-15]             - /autoware/localization/scan_matching_status STALE
[logging_node-15]             - /autoware/localization/accuracy STALE
[logging_node-15]             - /autoware/localization/sensor_fusion_status WARN 
[logging_node-15]     - /autoware/planning ERROR
[logging_node-15]         - /autoware/planning/routing/state STALE
[logging_node-15]         - [anonymous group] ERROR
[logging_node-15]             - /autoware/planning/topic_rate_check/route STALE
[logging_node-15]             - /autoware/planning/topic_rate_check/trajectory STALE
[logging_node-15]             - /autoware/planning/trajectory_validation ERROR
[logging_node-15]     - /autoware/perception ERROR
[logging_node-15]         - /autoware/perception/topic_rate_check/objects STALE
[logging_node-15]         - /autoware/perception/topic_rate_check/pointcloud STALE
[logging_node-15]     - /autoware/control ERROR
[logging_node-15]         - /autoware/control/topic_rate_check/trajectory_follower STALE
[logging_node-15]         - /autoware/control/topic_rate_check/control_command ERROR
[logging_node-15]         - /autoware/control/node_alive_monitoring/command_gate ERROR
[logging_node-15]             - /autoware/control/node_alive_monitoring/vehicle_cmd_gate STALE
[logging_node-15]             - /autoware/control/node_alive_monitoring/control_command_gate STALE
[logging_node-15]         - /autoware/control/emergency_braking STALE
[logging_node-15]         - /autoware/control/performance_monitoring/lane_departure STALE
[logging_node-15]         - /autoware/control/performance_monitoring/control_state STALE
[logging_node-15]     - /autoware/vehicle ERROR
[logging_node-15]         - /autoware/vehicle/topic_rate_check/velocity STALE
[logging_node-15]     - /autoware/system ERROR
[logging_node-15]         - /autoware/system/duplicated_node_checker STALE
[logging_node-15]         - /autoware/system/topic_rate_check/emergency_control_command STALE
[logging_node-15]         - /autoware/system/emergency_stop_operation ERROR
[logging_node-15]             - /autoware/system/emergency_stop_operation/vehicle_cmd_gate STALE
[logging_node-15]             - /autoware/system/emergency_stop_operation/control_command_gate STALE
[logging_node-15]     - /adapi/mrm_request/delegate STALE
[logging_node-15] 
[autoware_mrm_handler_node-14] [INFO] [1787493232.776858236] [system.mrm_handler]: MRM State changed: NORMAL -> MRM_OPERATING
[autoware_mrm_handler_node-14] [WARN] [1787493232.776891526] [system.mrm_handler]: no mrm operation available: operate emergency_stop
[autoware_mrm_handler_node-14] [WARN] [1787493232.782473716] [system.mrm_handler]: EMERGENCY_STOP is operated.
[component_container_mt-55] [INFO] [1787493232.794683990] [planning.scenario_planning.lane_driving.motion_planning.motion_planning_container]: Found class: rclcpp_components::NodeFactoryTemplate<autoware::path_smoother::ElasticBandSmoother>
[component_container_mt-55] [INFO] [1787493232.794727410] [planning.scenario_planning.lane_driving.motion_planning.motion_planning_container]: Instantiate class: rclcpp_components::NodeFactoryTemplate<autoware::path_smoother::ElasticBandSmoother>
[INFO] [launch_ros.actions.load_composable_nodes]: Loaded node '/localization/util/crop_box_filter_measurement_range' in container '/pointcloud_container'
[component_container_mt-1] [INFO] [1787493232.855244886] [pointcloud_container]: Found class: rclcpp_components::NodeFactoryTemplate<autoware::pointcloud_preprocessor::ApproximateDownsampleFilterComponent>
[component_container_mt-1] [INFO] [1787493232.855289316] [pointcloud_container]: Found class: rclcpp_components::NodeFactoryTemplate<autoware::pointcloud_preprocessor::BlockageDiagComponent>
[component_container_mt-1] [INFO] [1787493232.855301106] [pointcloud_container]: Found class: rclcpp_components::NodeFactoryTemplate<autoware::pointcloud_preprocessor::CropBoxFilterComponent>
[component_container_mt-1] [INFO] [1787493232.855309476] [pointcloud_container]: Instantiate class: rclcpp_components::NodeFactoryTemplate<autoware::pointcloud_preprocessor::CropBoxFilterComponent>
[component_container_mt-56] [INFO] [1787493232.859183240] [planning.scenario_planning.parking.parking_container]: Load Library: /root/autoware/install/autoware_costmap_generator/lib/libcostmap_generator_node.so
[component_container_mt-40] [INFO] [1787493232.869631247] [perception.traffic_light_recognition.traffic_light.traffic_light_node_container]: Found class: rclcpp_components::NodeFactoryTemplate<autoware::traffic_light::TrafficLightClassifierNodelet>
[component_container_mt-40] [INFO] [1787493232.869682578] [perception.traffic_light_recognition.traffic_light.traffic_light_node_container]: Instantiate class: rclcpp_components::NodeFactoryTemplate<autoware::traffic_light::TrafficLightClassifierNodelet>
[INFO] [launch_ros.actions.load_composable_nodes]: Loaded node '/planning/scenario_planning/velocity_smoother' in container '/planning/scenario_planning/velocity_smoother_container'
[component_container_mt-57] [INFO] [1787493232.940226320] [planning.planning_validator_container]: Load Library: /root/autoware/install/autoware_planning_validator/lib/libautoware_planning_validator_component.so
[component_container_mt-54] [INFO] [1787493232.976957261] [planning.scenario_planning.lane_driving.behavior_planning.behavior_planning_container]: Found class: rclcpp_components::NodeFactoryTemplate<autoware::behavior_velocity_planner::BehaviorVelocityPlannerNode>
[component_container_mt-54] [INFO] [1787493232.977008571] [planning.scenario_planning.lane_driving.behavior_planning.behavior_planning_container]: Found class: rclcpp_components::NodeFactoryTemplate<autoware::behavior_velocity_planner::experimental::BehaviorVelocityPlannerNode>
[component_container_mt-54] [INFO] [1787493232.977020961] [planning.scenario_planning.lane_driving.behavior_planning.behavior_planning_container]: Instantiate class: rclcpp_components::NodeFactoryTemplate<autoware::behavior_velocity_planner::experimental::BehaviorVelocityPlannerNode>
[INFO] [launch_ros.actions.load_composable_nodes]: Loaded node '/planning/scenario_planning/lane_driving/motion_planning/elastic_band_smoother' in container '/planning/scenario_planning/lane_driving/motion_planning/motion_planning_container'
[component_container_mt-55] [INFO] [1787493233.018075208] [planning.scenario_planning.lane_driving.motion_planning.motion_planning_container]: Load Library: /root/autoware/install/autoware_path_optimizer/lib/libautoware_path_optimizer.so
[INFO] [launch_ros.actions.load_composable_nodes]: Loaded node '/perception/obstacle_segmentation/crop_box_filter' in container 'pointcloud_container'
[component_container_mt-1] [INFO] [1787493233.029703609] [pointcloud_container]: Load Library: /root/autoware/install/autoware_lidar_centerpoint/lib/libautoware_lidar_centerpoint_component.so
[component_container_mt-55] [INFO] [1787493233.037402577] [planning.scenario_planning.lane_driving.motion_planning.motion_planning_container]: Found class: rclcpp_components::NodeFactoryTemplate<autoware::path_optimizer::PathOptimizer>
[component_container_mt-55] [INFO] [1787493233.037442807] [planning.scenario_planning.lane_driving.motion_planning.motion_planning_container]: Instantiate class: rclcpp_components::NodeFactoryTemplate<autoware::path_optimizer::PathOptimizer>
[component_container_mt-60] [INFO] [1787493233.059568036] [control.control_container]: Load Library: /root/autoware/install/autoware_shift_decider/lib/libautoware_shift_decider_node.so
[component_container_mt-57] [INFO] [1787493233.060921361] [planning.planning_validator_container]: Found class: rclcpp_components::NodeFactoryTemplate<autoware::planning_validator::PlanningValidatorNode>
[component_container_mt-57] [INFO] [1787493233.060998411] [planning.planning_validator_container]: Instantiate class: rclcpp_components::NodeFactoryTemplate<autoware::planning_validator::PlanningValidatorNode>
[component_container_mt-60] [INFO] [1787493233.074639610] [control.control_container]: Found class: rclcpp_components::NodeFactoryTemplate<autoware::shift_decider::ShiftDecider>
[component_container_mt-60] [INFO] [1787493233.074770470] [control.control_container]: Instantiate class: rclcpp_components::NodeFactoryTemplate<autoware::shift_decider::ShiftDecider>
[component_container_mt-1] [INFO] [1787493233.198479793] [pointcloud_container]: Found class: rclcpp_components::NodeFactoryTemplate<autoware::lidar_centerpoint::LidarCenterPointNode>
[component_container_mt-1] [INFO] [1787493233.198546143] [pointcloud_container]: Instantiate class: rclcpp_components::NodeFactoryTemplate<autoware::lidar_centerpoint::LidarCenterPointNode>
[INFO] [launch_ros.actions.load_composable_nodes]: Loaded node '/control/autoware_shift_decider' in container '/control/control_container'
[component_container_mt-60] [INFO] [1787493233.216905009] [control.control_container]: Load Library: /root/autoware/install/autoware_trajectory_follower_node/lib/libcontroller_node.so
[autoware_gyro_odometer_node-26] [ERROR] [1787493233.320999081] [localization.twist_estimator.gyro_odometer]: Vehicle twist msg is timeout. vehicle_twist_dt: 0.333333344[sec], tolerance 0.2[sec]; IMU msg is timeout. imu_dt: 0.327317953[sec], tolerance 0.2[sec]; Please publish TF from base_link to frame of IMU.; 
[component_container-8] [WARN] [1787493233.321844705] [system.topic_state_monitor_system_emergency_control_cmd]: /system/emergency/control_cmd topic rate has dropped to the warning level. Set WARN in diagnostics.
[autoware_mrm_handler_node-14] [WARN] [1787493233.324285463] [system.mrm_handler]: no mrm operation available: operate emergency_stop
[component_container_mt-60] [INFO] [1787493233.332627953] [control.control_container]: Found class: rclcpp_components::NodeFactoryTemplate<autoware::motion::control::trajectory_follower_node::Controller>
[component_container_mt-60] [INFO] [1787493233.332729593] [control.control_container]: Instantiate class: rclcpp_components::NodeFactoryTemplate<autoware::motion::control::trajectory_follower_node::Controller>
[component_container_mt-40] [I] [TRT] [MemUsageChange] Init CUDA: CPU +0, GPU +0, now: CPU 50, GPU 2879 (MiB)
[INFO] [launch_ros.actions.load_composable_nodes]: Loaded node '/planning/scenario_planning/lane_driving/motion_planning/path_optimizer' in container '/planning/scenario_planning/lane_driving/motion_planning/motion_planning_container'
[component_container_mt-55] [INFO] [1787493233.414052724] [planning.scenario_planning.lane_driving.motion_planning.motion_planning_container]: Load Library: /root/autoware/install/autoware_motion_velocity_planner/lib/libautoware_motion_velocity_planner_lib.so
[component_container_mt-56] [INFO] [1787493233.476777609] [planning.scenario_planning.parking.parking_container]: Found class: rclcpp_components::NodeFactoryTemplate<autoware::costmap_generator::CostmapGenerator>
[component_container_mt-56] [INFO] [1787493233.476844689] [planning.scenario_planning.parking.parking_container]: Instantiate class: rclcpp_components::NodeFactoryTemplate<autoware::costmap_generator::CostmapGenerator>
[component_container_mt-54] [INFO] [1787493233.578055121] [planning.scenario_planning.lane_driving.behavior_planning.behavior_velocity_planner]: The scene plugin 'autoware::behavior_velocity_planner::CurveSlowdownModulePlugin' is loaded.
[autoware_mrm_handler_node-14] [WARN] [1787493233.645186931] [system.mrm_handler]: no mrm operation available: operate emergency_stop
[component_container_mt-55] [INFO] [1787493233.651868235] [planning.scenario_planning.lane_driving.motion_planning.motion_planning_container]: Found class: rclcpp_components::NodeFactoryTemplate<autoware::motion_velocity_planner::MotionVelocityPlannerNode>
[component_container_mt-55] [INFO] [1787493233.651917045] [planning.scenario_planning.lane_driving.motion_planning.motion_planning_container]: Instantiate class: rclcpp_components::NodeFactoryTemplate<autoware::motion_velocity_planner::MotionVelocityPlannerNode>
[INFO] [launch_ros.actions.load_composable_nodes]: Loaded node '/planning/scenario_planning/parking/costmap_generator' in container '/planning/scenario_planning/parking/parking_container'
[component_container_mt-1] [I] [TRT] [MemUsageChange] Init CUDA: CPU +0, GPU +0, now: CPU 85, GPU 3433 (MiB)
[component_container_mt-61] [INFO] [1787493233.744377236] [control.control_check_container]: Load Library: /root/autoware/install/autoware_lane_departure_checker/lib/libautoware_lane_departure_checker.so
[component_container_mt-61] [INFO] [1787493233.829452810] [control.control_check_container]: Found class: rclcpp_components::NodeFactoryTemplate<autoware::lane_departure_checker::LaneDepartureCheckerNode>
[component_container_mt-61] [INFO] [1787493233.829500451] [control.control_check_container]: Instantiate class: rclcpp_components::NodeFactoryTemplate<autoware::lane_departure_checker::LaneDepartureCheckerNode>
[INFO] [launch_ros.actions.load_composable_nodes]: Loaded node '/map/pointcloud_map_loader' in container '/map/map_container'
[INFO] [launch_ros.actions.load_composable_nodes]: Loaded node '/control/trajectory_follower/controller_node_exe' in container '/control/control_container'
[component_container_mt-60] [INFO] [1787493233.917161414] [control.control_container]: Load Library: /root/autoware/install/autoware_external_cmd_selector/lib/libautoware_external_cmd_selector_node.so
[component_container_mt-60] [INFO] [1787493233.922316983] [control.control_container]: Found class: rclcpp_components::NodeFactoryTemplate<autoware::external_cmd_selector::ExternalCmdSelector>
[component_container_mt-60] [INFO] [1787493233.922528924] [control.control_container]: Instantiate class: rclcpp_components::NodeFactoryTemplate<autoware::external_cmd_selector::ExternalCmdSelector>
[component_container_mt-60] [INFO] [1787493234.009196904] [control.trajectory_follower.controller_node_exe]: Waiting for acceleration data
[autoware_mrm_handler_node-14] [WARN] [1787493234.011129071] [system.mrm_handler]: no mrm operation available: operate emergency_stop
[INFO] [launch_ros.actions.load_composable_nodes]: Loaded node '/planning/planning_validator' in container '/planning/planning_validator_container'
[component_container_mt-56] [ERROR] [1787493234.011204161] [planning.scenario_planning.parking.costmap_generator]: "map" passed to lookupTransform argument target_frame does not exist. 
[component_container_mt-60] [INFO] [1787493234.012125314] [control.trajectory_follower.controller_node_exe]: Control is skipped since input data is not ready.
[component_container_mt-54] [INFO] [1787493234.117422151] [planning.scenario_planning.lane_driving.behavior_planning.behavior_velocity_planner]: The scene plugin 'autoware::behavior_velocity_planner::experimental::CrosswalkModulePlugin' is loaded.
[component_container_mt-54] [INFO] [1787493234.145904494] [planning.scenario_planning.lane_driving.behavior_planning.behavior_velocity_planner]: The scene plugin 'autoware::behavior_velocity_planner::experimental::WalkwayModulePlugin' is loaded.
[INFO] [launch_ros.actions.load_composable_nodes]: Loaded node '/control/external_cmd_selector' in container '/control/control_container'
[INFO] [launch_ros.actions.load_composable_nodes]: Loaded node '/control/trajectory_follower/lane_departure_checker_node' in container '/control/control_check_container'
[component_container_mt-60] [INFO] [1787493234.160713377] [control.control_container]: Load Library: /root/autoware/install/autoware_external_cmd_converter/lib/libautoware_external_cmd_converter.so
[component_container_mt-60] [INFO] [1787493234.166976229] [control.control_container]: Found class: rclcpp_components::NodeFactoryTemplate<autoware::external_cmd_converter::ExternalCmdConverterNode>
[component_container_mt-60] [INFO] [1787493234.167020949] [control.control_container]: Instantiate class: rclcpp_components::NodeFactoryTemplate<autoware::external_cmd_converter::ExternalCmdConverterNode>
[component_container_mt-61] [INFO] [1787493234.170979713] [control.control_check_container]: Load Library: /root/autoware/install/autoware_control_validator/lib/libautoware_control_validator_component.so
[component_container-20] [INFO] [1787493234.175901181] [sensing.lidar.left.pointcloud_preprocessor.pointcloud_container]: Found class: rclcpp_components::NodeFactoryTemplate<autoware::pointcloud_preprocessor::ApproximateDownsampleFilterComponent>
[component_container-20] [INFO] [1787493234.175982471] [sensing.lidar.left.pointcloud_preprocessor.pointcloud_container]: Found class: rclcpp_components::NodeFactoryTemplate<autoware::pointcloud_preprocessor::BlockageDiagComponent>
[component_container-20] [INFO] [1787493234.176000171] [sensing.lidar.left.pointcloud_preprocessor.pointcloud_container]: Found class: rclcpp_components::NodeFactoryTemplate<autoware::pointcloud_preprocessor::CropBoxFilterComponent>
[component_container-20] [INFO] [1787493234.176009591] [sensing.lidar.left.pointcloud_preprocessor.pointcloud_container]: Instantiate class: rclcpp_components::NodeFactoryTemplate<autoware::pointcloud_preprocessor::CropBoxFilterComponent>
[component_container_mt-61] [INFO] [1787493234.189098178] [control.control_check_container]: Found class: rclcpp_components::NodeFactoryTemplate<autoware::control_validator::ControlValidator>
[component_container_mt-61] [INFO] [1787493234.189141789] [control.control_check_container]: Instantiate class: rclcpp_components::NodeFactoryTemplate<autoware::control_validator::ControlValidator>
[component_container_mt-54] [INFO] [1787493234.227163145] [planning.scenario_planning.lane_driving.behavior_planning.behavior_velocity_planner]: The scene plugin 'autoware::behavior_velocity_planner::experimental::TrafficLightModulePlugin' is loaded.
[INFO] [launch_ros.actions.load_composable_nodes]: Loaded node '/control/external_cmd_converter' in container '/control/control_container'
[component_container_mt-48] [INFO] [1787493234.322084445] [planning.mission_planning.mission_planner_container]: Found class: rclcpp_components::NodeFactoryTemplate<autoware::mission_planner_universe::MissionPlanner>
[component_container_mt-48] [INFO] [1787493234.322133985] [planning.mission_planning.mission_planner_container]: Found class: rclcpp_components::NodeFactoryTemplate<autoware::mission_planner_universe::RouteSelector>
[component_container_mt-48] [INFO] [1787493234.322146605] [planning.mission_planning.mission_planner_container]: Instantiate class: rclcpp_components::NodeFactoryTemplate<autoware::mission_planner_universe::RouteSelector>
[INFO] [launch_ros.actions.load_composable_nodes]: Loaded node '/sensing/lidar/left/crop_box_filter_mirror' in container '/sensing/lidar/left/pointcloud_preprocessor/pointcloud_container'
[INFO] [launch_ros.actions.load_composable_nodes]: Loaded node '/adapi/node/interface' in container '/adapi/container'
[component_container-21] [INFO] [1787493234.404425700] [sensing.lidar.right.pointcloud_preprocessor.pointcloud_container]: Found class: rclcpp_components::NodeFactoryTemplate<autoware::pointcloud_preprocessor::ApproximateDownsampleFilterComponent>
[component_container-21] [INFO] [1787493234.404504200] [sensing.lidar.right.pointcloud_preprocessor.pointcloud_container]: Found class: rclcpp_components::NodeFactoryTemplate<autoware::pointcloud_preprocessor::BlockageDiagComponent>
[component_container-21] [INFO] [1787493234.404514570] [sensing.lidar.right.pointcloud_preprocessor.pointcloud_container]: Found class: rclcpp_components::NodeFactoryTemplate<autoware::pointcloud_preprocessor::CropBoxFilterComponent>
[component_container-21] [INFO] [1787493234.404522940] [sensing.lidar.right.pointcloud_preprocessor.pointcloud_container]: Instantiate class: rclcpp_components::NodeFactoryTemplate<autoware::pointcloud_preprocessor::CropBoxFilterComponent>
[component_container-19] [INFO] [1787493234.405453774] [sensing.lidar.top.pointcloud_preprocessor.pointcloud_container]: Found class: rclcpp_components::NodeFactoryTemplate<autoware::pointcloud_preprocessor::ApproximateDownsampleFilterComponent>
[component_container-19] [INFO] [1787493234.405497674] [sensing.lidar.top.pointcloud_preprocessor.pointcloud_container]: Found class: rclcpp_components::NodeFactoryTemplate<autoware::pointcloud_preprocessor::BlockageDiagComponent>
[component_container-19] [INFO] [1787493234.405510604] [sensing.lidar.top.pointcloud_preprocessor.pointcloud_container]: Found class: rclcpp_components::NodeFactoryTemplate<autoware::pointcloud_preprocessor::CropBoxFilterComponent>
[component_container-19] [INFO] [1787493234.405520574] [sensing.lidar.top.pointcloud_preprocessor.pointcloud_container]: Instantiate class: rclcpp_components::NodeFactoryTemplate<autoware::pointcloud_preprocessor::CropBoxFilterComponent>
[INFO] [launch_ros.actions.load_composable_nodes]: Loaded node '/control/control_validator' in container '/control/control_check_container'
[component_container_mt-61] [INFO] [1787493234.487644378] [control.control_check_container]: Load Library: /root/autoware/install/autoware_autonomous_emergency_braking/lib/libautoware_autonomous_emergency_braking_node.so
[component_container_mt-61] [INFO] [1787493234.493111998] [control.trajectory_follower.lane_departure_checker_node]: waiting for current_twist msg...
[autoware_mrm_handler_node-14] [WARN] [1787493234.494266182] [system.mrm_handler]: no mrm operation available: operate emergency_stop
[INFO] [launch_ros.actions.load_composable_nodes]: Loaded node '/planning/mission_planning/route_selector' in container '/planning/mission_planning/mission_planner_container'
[INFO] [launch_ros.actions.load_composable_nodes]: Loaded node '/sensing/lidar/right/crop_box_filter_mirror' in container '/sensing/lidar/right/pointcloud_preprocessor/pointcloud_container'
[component_container_mt-54] [INFO] [1787493234.550483824] [planning.scenario_planning.lane_driving.behavior_planning.behavior_velocity_planner]: The scene plugin 'autoware::behavior_velocity_planner::experimental::IntersectionModulePlugin' is loaded.
[component_container_mt-60] [INFO] [1787493234.567439814] [control.control_container]: Load Library: /root/autoware/install/autoware_vehicle_cmd_gate/lib/libvehicle_cmd_gate_node.so
[INFO] [launch_ros.actions.load_composable_nodes]: Loaded node '/sensing/lidar/top/crop_box_filter_mirror' in container '/sensing/lidar/top/pointcloud_preprocessor/pointcloud_container'
[component_container_mt-56] [INFO] [1787493234.600536973] [planning.scenario_planning.parking.parking_container]: Load Library: /root/autoware/install/autoware_freespace_planner/lib/libfreespace_planner_node.so
[component_container_mt-60] [INFO] [1787493234.609127884] [control.control_container]: Found class: rclcpp_components::NodeFactoryTemplate<autoware::vehicle_cmd_gate::VehicleCmdGate>
[component_container_mt-60] [INFO] [1787493234.609265534] [control.control_container]: Instantiate class: rclcpp_components::NodeFactoryTemplate<autoware::vehicle_cmd_gate::VehicleCmdGate>
[component_container_mt-54] [INFO] [1787493234.620051253] [planning.scenario_planning.lane_driving.behavior_planning.behavior_velocity_planner]: The scene plugin 'autoware::behavior_velocity_planner::experimental::BlindSpotModulePlugin' is loaded.
[component_container_mt-56] [INFO] [1787493234.650262051] [planning.scenario_planning.parking.parking_container]: Found class: rclcpp_components::NodeFactoryTemplate<autoware::freespace_planner::FreespacePlannerNode>
[component_container_mt-56] [INFO] [1787493234.650316601] [planning.scenario_planning.parking.parking_container]: Instantiate class: rclcpp_components::NodeFactoryTemplate<autoware::freespace_planner::FreespacePlannerNode>
[component_container_mt-54] [INFO] [1787493234.691377588] [planning.scenario_planning.lane_driving.behavior_planning.behavior_velocity_planner]: The scene plugin 'autoware::behavior_velocity_planner::experimental::DetectionAreaModulePlugin' is loaded.
[component_container_mt-54] [INFO] [1787493234.743953107] [planning.scenario_planning.lane_driving.behavior_planning.behavior_velocity_planner]: The scene plugin 'autoware::behavior_velocity_planner::experimental::VirtualTrafficLightModulePlugin' is loaded.
[component_container_mt-54] [INFO] [1787493234.808662769] [planning.scenario_planning.lane_driving.behavior_planning.behavior_velocity_planner]: The scene plugin 'autoware::behavior_velocity_planner::experimental::NoStoppingAreaModulePlugin' is loaded.
[component_container_mt-56] [INFO] [1787493234.828513420] [planning.scenario_planning.parking.freespace_planner]: initialize planning algorithm: astar
[component_container_mt-54] [INFO] [1787493234.845813932] [planning.scenario_planning.lane_driving.behavior_planning.behavior_velocity_planner]: The scene plugin 'autoware::behavior_velocity_planner::experimental::StopLineModulePlugin' is loaded.
[INFO] [launch_ros.actions.load_composable_nodes]: Loaded node '/planning/scenario_planning/lane_driving/behavior_planning/behavior_velocity_planner' in container '/planning/scenario_planning/lane_driving/behavior_planning/behavior_planning_container'
[component_container_mt-54] [INFO] [1787493234.861031636] [planning.scenario_planning.lane_driving.behavior_planning.behavior_planning_container]: Load Library: /root/autoware/install/autoware_behavior_path_planner/lib/libautoware_behavior_path_planner_lib.so
[component_container_mt-61] [INFO] [1787493234.883436947] [control.control_check_container]: Found class: rclcpp_components::NodeFactoryTemplate<autoware::motion::control::autonomous_emergency_braking::AEB>
[component_container_mt-61] [INFO] [1787493234.883491267] [control.control_check_container]: Instantiate class: rclcpp_components::NodeFactoryTemplate<autoware::motion::control::autonomous_emergency_braking::AEB>
[component_container_mt-16] [INFO] [1787493234.883998979] [map.map_container]: Load Library: /root/autoware/install/autoware_map_loader/lib/liblanelet2_map_loader_node.so
[INFO] [launch_ros.actions.load_composable_nodes]: Loaded node '/planning/scenario_planning/parking/freespace_planner' in container '/planning/scenario_planning/parking/parking_container'
[component_container-20] [INFO] [1787493234.911639328] [sensing.lidar.left.pointcloud_preprocessor.pointcloud_container]: Found class: rclcpp_components::NodeFactoryTemplate<autoware::pointcloud_preprocessor::ApproximateDownsampleFilterComponent>
[component_container-20] [INFO] [1787493234.911693458] [sensing.lidar.left.pointcloud_preprocessor.pointcloud_container]: Found class: rclcpp_components::NodeFactoryTemplate<autoware::pointcloud_preprocessor::BlockageDiagComponent>
[component_container-20] [INFO] [1787493234.911705678] [sensing.lidar.left.pointcloud_preprocessor.pointcloud_container]: Found class: rclcpp_components::NodeFactoryTemplate<autoware::pointcloud_preprocessor::CropBoxFilterComponent>
[component_container-20] [INFO] [1787493234.911715438] [sensing.lidar.left.pointcloud_preprocessor.pointcloud_container]: Found class: rclcpp_components::NodeFactoryTemplate<autoware::pointcloud_preprocessor::DistortionCorrectorComponent>
[component_container-20] [INFO] [1787493234.911723858] [sensing.lidar.left.pointcloud_preprocessor.pointcloud_container]: Instantiate class: rclcpp_components::NodeFactoryTemplate<autoware::pointcloud_preprocessor::DistortionCorrectorComponent>
[component_container_mt-54] [INFO] [1787493234.938209753] [planning.scenario_planning.lane_driving.behavior_planning.behavior_planning_container]: Found class: rclcpp_components::NodeFactoryTemplate<autoware::behavior_path_planner::BehaviorPathPlannerNode>
[component_container_mt-54] [INFO] [1787493234.938267163] [planning.scenario_planning.lane_driving.behavior_planning.behavior_planning_container]: Instantiate class: rclcpp_components::NodeFactoryTemplate<autoware::behavior_path_planner::BehaviorPathPlannerNode>
[component_container_mt-16] [INFO] [1787493234.948765681] [map.map_container]: Found class: rclcpp_components::NodeFactoryTemplate<autoware::map_loader::Lanelet2MapLoaderNode>
[component_container_mt-16] [INFO] [1787493234.948821071] [map.map_container]: Instantiate class: rclcpp_components::NodeFactoryTemplate<autoware::map_loader::Lanelet2MapLoaderNode>
[INFO] [launch_ros.actions.load_composable_nodes]: Loaded node '/control/vehicle_cmd_gate' in container '/control/control_container'
[INFO] [launch_ros.actions.load_composable_nodes]: Loaded node '/sensing/lidar/left/distortion_corrector_node' in container '/sensing/lidar/left/pointcloud_preprocessor/pointcloud_container'
[INFO] [launch_ros.actions.load_composable_nodes]: Loaded node '/map/lanelet2_map_loader' in container '/map/map_container'
[component_container-21] [INFO] [1787493235.133446924] [sensing.lidar.right.pointcloud_preprocessor.pointcloud_container]: Found class: rclcpp_components::NodeFactoryTemplate<autoware::pointcloud_preprocessor::ApproximateDownsampleFilterComponent>
[component_container-21] [INFO] [1787493235.133509624] [sensing.lidar.right.pointcloud_preprocessor.pointcloud_container]: Found class: rclcpp_components::NodeFactoryTemplate<autoware::pointcloud_preprocessor::BlockageDiagComponent>
[component_container-21] [INFO] [1787493235.133526394] [sensing.lidar.right.pointcloud_preprocessor.pointcloud_container]: Found class: rclcpp_components::NodeFactoryTemplate<autoware::pointcloud_preprocessor::CropBoxFilterComponent>
[component_container-21] [INFO] [1787493235.133535254] [sensing.lidar.right.pointcloud_preprocessor.pointcloud_container]: Found class: rclcpp_components::NodeFactoryTemplate<autoware::pointcloud_preprocessor::DistortionCorrectorComponent>
[component_container-21] [INFO] [1787493235.133544144] [sensing.lidar.right.pointcloud_preprocessor.pointcloud_container]: Instantiate class: rclcpp_components::NodeFactoryTemplate<autoware::pointcloud_preprocessor::DistortionCorrectorComponent>
[component_container-19] [INFO] [1787493235.137617469] [sensing.lidar.top.pointcloud_preprocessor.pointcloud_container]: Found class: rclcpp_components::NodeFactoryTemplate<autoware::pointcloud_preprocessor::ApproximateDownsampleFilterComponent>
[component_container-19] [INFO] [1787493235.137663569] [sensing.lidar.top.pointcloud_preprocessor.pointcloud_container]: Found class: rclcpp_components::NodeFactoryTemplate<autoware::pointcloud_preprocessor::BlockageDiagComponent>
[component_container-19] [INFO] [1787493235.137677299] [sensing.lidar.top.pointcloud_preprocessor.pointcloud_container]: Found class: rclcpp_components::NodeFactoryTemplate<autoware::pointcloud_preprocessor::CropBoxFilterComponent>
[component_container-19] [INFO] [1787493235.137686909] [sensing.lidar.top.pointcloud_preprocessor.pointcloud_container]: Found class: rclcpp_components::NodeFactoryTemplate<autoware::pointcloud_preprocessor::DistortionCorrectorComponent>
[component_container-19] [INFO] [1787493235.137696039] [sensing.lidar.top.pointcloud_preprocessor.pointcloud_container]: Instantiate class: rclcpp_components::NodeFactoryTemplate<autoware::pointcloud_preprocessor::DistortionCorrectorComponent>
[autoware_gyro_odometer_node-26] [ERROR] [1787493235.263811782] [localization.twist_estimator.gyro_odometer]: Vehicle twist msg is timeout. vehicle_twist_dt: 0.333333343[sec], tolerance 0.2[sec]; IMU msg is timeout. imu_dt: 0.306061296[sec], tolerance 0.2[sec]; Please publish TF from base_link to frame of IMU.; 
[autoware_mrm_handler_node-14] [WARN] [1787493235.265845069] [system.mrm_handler]: no mrm operation available: operate emergency_stop
[autoware_ekf_localizer_node-29] [WARN] [1787493235.271110928] [localization.pose_twist_fusion_filter.ekf_localizer]: The node is not activated. Provide initial pose to pose_initializer
[INFO] [launch_ros.actions.load_composable_nodes]: Loaded node '/control/autonomous_emergency_braking' in container '/control/control_check_container'
[component_container_mt-60] [WARN] [1787493235.287307816] [control.vehicle_cmd_gate]: emergency_state_heartbeat_received_time_ is false
[component_container_mt-60] [INFO] [1787493235.287362036] [control.vehicle_cmd_gate]: waiting topics...
[component_container_mt-60] [WARN] [1787493235.288176559] [control.vehicle_cmd_gate]: Emergency!
[component_container_mt-60] [ERROR] [1787493235.288224389] [control.vehicle_cmd_gate]: [VehicleCmdFilter] Acceleration change limit by longitudinal jerk: constraint(delta)=±0.000 [m/s^2], input_acc=-1.500 [m/s^2], output_acc=0.000 [m/s^2]
[INFO] [launch_ros.actions.load_composable_nodes]: Loaded node '/adapi/node/localization' in container '/adapi/container'
[component_container_mt-61] [INFO] [1787493235.302058959] [control.control_check_container]: Load Library: /root/autoware/install/autoware_collision_detector/lib/libautoware_collision_detector.so
[component_container_mt-61] [INFO] [1787493235.312431426] [control.control_check_container]: Found class: rclcpp_components::NodeFactoryTemplate<autoware::collision_detector::CollisionDetectorNode>
[INFO] [launch_ros.actions.load_composable_nodes]: Loaded node '/sensing/lidar/top/distortion_corrector_node' in container '/sensing/lidar/top/pointcloud_preprocessor/pointcloud_container'
[INFO] [launch_ros.actions.load_composable_nodes]: Loaded node '/sensing/lidar/right/distortion_corrector_node' in container '/sensing/lidar/right/pointcloud_preprocessor/pointcloud_container'
[component_container_mt-61] [INFO] [1787493235.312483466] [control.control_check_container]: Instantiate class: rclcpp_components::NodeFactoryTemplate<autoware::collision_detector::CollisionDetectorNode>
[component_container_mt-60] [INFO] [1787493235.309056134] [control.control_container]: Load Library: /root/autoware/install/autoware_operation_mode_transition_manager/lib/libautoware_operation_mode_transition_manager_node.so
[component_container-20] [INFO] [1787493235.321405609] [sensing.lidar.left.pointcloud_preprocessor.pointcloud_container]: Found class: rclcpp_components::NodeFactoryTemplate<autoware::pointcloud_preprocessor::ApproximateDownsampleFilterComponent>
[component_container-20] [INFO] [1787493235.321457329] [sensing.lidar.left.pointcloud_preprocessor.pointcloud_container]: Found class: rclcpp_components::NodeFactoryTemplate<autoware::pointcloud_preprocessor::BlockageDiagComponent>
[component_container-20] [INFO] [1787493235.321468919] [sensing.lidar.left.pointcloud_preprocessor.pointcloud_container]: Found class: rclcpp_components::NodeFactoryTemplate<autoware::pointcloud_preprocessor::CropBoxFilterComponent>
[component_container-20] [INFO] [1787493235.321478159] [sensing.lidar.left.pointcloud_preprocessor.pointcloud_container]: Found class: rclcpp_components::NodeFactoryTemplate<autoware::pointcloud_preprocessor::DistortionCorrectorComponent>
[component_container-20] [INFO] [1787493235.321486689] [sensing.lidar.left.pointcloud_preprocessor.pointcloud_container]: Found class: rclcpp_components::NodeFactoryTemplate<autoware::pointcloud_preprocessor::DualReturnOutlierFilterComponent>
[component_container-20] [INFO] [1787493235.321495879] [sensing.lidar.left.pointcloud_preprocessor.pointcloud_container]: Found class: rclcpp_components::NodeFactoryTemplate<autoware::pointcloud_preprocessor::Lanelet2MapFilterComponent>
[component_container-20] [INFO] [1787493235.321504069] [sensing.lidar.left.pointcloud_preprocessor.pointcloud_container]: Found class: rclcpp_components::NodeFactoryTemplate<autoware::pointcloud_preprocessor::PassThroughFilterComponent>
[component_container-20] [INFO] [1787493235.321512939] [sensing.lidar.left.pointcloud_preprocessor.pointcloud_container]: Found class: rclcpp_components::NodeFactoryTemplate<autoware::pointcloud_preprocessor::PassThroughFilterUInt16Component>
[component_container-20] [INFO] [1787493235.321521509] [sensing.lidar.left.pointcloud_preprocessor.pointcloud_container]: Found class: rclcpp_components::NodeFactoryTemplate<autoware::pointcloud_preprocessor::PickupBasedVoxelGridDownsampleFilterComponent>
[component_container-20] [INFO] [1787493235.321530129] [sensing.lidar.left.pointcloud_preprocessor.pointcloud_container]: Found class: rclcpp_components::NodeFactoryTemplate<autoware::pointcloud_preprocessor::PointCloudConcatenateDataSynchronizerComponent>
[component_container-20] [INFO] [1787493235.321538399] [sensing.lidar.left.pointcloud_preprocessor.pointcloud_container]: Found class: rclcpp_components::NodeFactoryTemplate<autoware::pointcloud_preprocessor::PointCloudConcatenationComponent>
[component_container-20] [INFO] [1787493235.321546399] [sensing.lidar.left.pointcloud_preprocessor.pointcloud_container]: Found class: rclcpp_components::NodeFactoryTemplate<autoware::pointcloud_preprocessor::PointCloudDataSynchronizerComponent>
[component_container-20] [INFO] [1787493235.321555249] [sensing.lidar.left.pointcloud_preprocessor.pointcloud_container]: Found class: rclcpp_components::NodeFactoryTemplate<autoware::pointcloud_preprocessor::PointCloudDensifierNode>
[component_container-20] [INFO] [1787493235.321563099] [sensing.lidar.left.pointcloud_preprocessor.pointcloud_container]: Found class: rclcpp_components::NodeFactoryTemplate<autoware::pointcloud_preprocessor::PointcloudAccumulatorComponent>
[component_container-20] [INFO] [1787493235.321599149] [sensing.lidar.left.pointcloud_preprocessor.pointcloud_container]: Found class: rclcpp_components::NodeFactoryTemplate<autoware::pointcloud_preprocessor::PolarVoxelNoiseFilterComponent>
[component_container-20] [INFO] [1787493235.321613289] [sensing.lidar.left.pointcloud_preprocessor.pointcloud_container]: Found class: rclcpp_components::NodeFactoryTemplate<autoware::pointcloud_preprocessor::PolarVoxelOutlierFilterComponent>
[component_container-20] [INFO] [1787493235.321621759] [sensing.lidar.left.pointcloud_preprocessor.pointcloud_container]: Found class: rclcpp_components::NodeFactoryTemplate<autoware::pointcloud_preprocessor::PolygonRemoverComponent>
[component_container-20] [INFO] [1787493235.321630719] [sensing.lidar.left.pointcloud_preprocessor.pointcloud_container]: Found class: rclcpp_components::NodeFactoryTemplate<autoware::pointcloud_preprocessor::RadiusSearch2DOutlierFilterComponent>
[component_container-20] [INFO] [1787493235.321639449] [sensing.lidar.left.pointcloud_preprocessor.pointcloud_container]: Found class: rclcpp_components::NodeFactoryTemplate<autoware::pointcloud_preprocessor::RandomDownsampleFilterComponent>
[component_container-20] [INFO] [1787493235.321651259] [sensing.lidar.left.pointcloud_preprocessor.pointcloud_container]: Found class: rclcpp_components::NodeFactoryTemplate<autoware::pointcloud_preprocessor::RingOutlierFilterComponent>
[component_container-20] [INFO] [1787493235.321659270] [sensing.lidar.left.pointcloud_preprocessor.pointcloud_container]: Instantiate class: rclcpp_components::NodeFactoryTemplate<autoware::pointcloud_preprocessor::RingOutlierFilterComponent>
[component_container_mt-60] [INFO] [1787493235.321859420] [control.control_container]: Found class: rclcpp_components::NodeFactoryTemplate<autoware::operation_mode_transition_manager::AutonomousModeTransitionFlagNode>
[component_container_mt-60] [INFO] [1787493235.321900100] [control.control_container]: Found class: rclcpp_components::NodeFactoryTemplate<autoware::operation_mode_transition_manager::OperationModeTransitionManager>
[component_container_mt-60] [INFO] [1787493235.321911360] [control.control_container]: Instantiate class: rclcpp_components::NodeFactoryTemplate<autoware::operation_mode_transition_manager::OperationModeTransitionManager>
[component_container_mt-16] [INFO] [1787493235.333113760] [map.map_container]: Load Library: /root/autoware/install/autoware_lanelet2_map_visualizer/lib/liblanelet2_map_visualization_node.so
[component_container_mt-16] [INFO] [1787493235.350140022] [map.map_container]: Found class: rclcpp_components::NodeFactoryTemplate<autoware::lanelet2_map_visualizer::Lanelet2MapVisualizationNode>
[component_container_mt-16] [INFO] [1787493235.350190992] [map.map_container]: Instantiate class: rclcpp_components::NodeFactoryTemplate<autoware::lanelet2_map_visualizer::Lanelet2MapVisualizationNode>
[INFO] [launch_ros.actions.load_composable_nodes]: Loaded node '/map/lanelet2_map_visualization' in container '/map/map_container'
[component_container-19] [INFO] [1787493235.567085241] [sensing.lidar.top.pointcloud_preprocessor.pointcloud_container]: Found class: rclcpp_components::NodeFactoryTemplate<autoware::pointcloud_preprocessor::ApproximateDownsampleFilterComponent>
[component_container-19] [INFO] [1787493235.567144831] [sensing.lidar.top.pointcloud_preprocessor.pointcloud_container]: Found class: rclcpp_components::NodeFactoryTemplate<autoware::pointcloud_preprocessor::BlockageDiagComponent>
[component_container-19] [INFO] [1787493235.567160391] [sensing.lidar.top.pointcloud_preprocessor.pointcloud_container]: Found class: rclcpp_components::NodeFactoryTemplate<autoware::pointcloud_preprocessor::CropBoxFilterComponent>
[component_container-19] [INFO] [1787493235.567171071] [sensing.lidar.top.pointcloud_preprocessor.pointcloud_container]: Found class: rclcpp_components::NodeFactoryTemplate<autoware::pointcloud_preprocessor::DistortionCorrectorComponent>
[component_container-19] [INFO] [1787493235.567180291] [sensing.lidar.top.pointcloud_preprocessor.pointcloud_container]: Found class: rclcpp_components::NodeFactoryTemplate<autoware::pointcloud_preprocessor::DualReturnOutlierFilterComponent>
[component_container-19] [INFO] [1787493235.567189121] [sensing.lidar.top.pointcloud_preprocessor.pointcloud_container]: Found class: rclcpp_components::NodeFactoryTemplate<autoware::pointcloud_preprocessor::Lanelet2MapFilterComponent>
[component_container-19] [INFO] [1787493235.567199031] [sensing.lidar.top.pointcloud_preprocessor.pointcloud_container]: Found class: rclcpp_components::NodeFactoryTemplate<autoware::pointcloud_preprocessor::PassThroughFilterComponent>
[component_container-19] [INFO] [1787493235.567208011] [sensing.lidar.top.pointcloud_preprocessor.pointcloud_container]: Found class: rclcpp_components::NodeFactoryTemplate<autoware::pointcloud_preprocessor::PassThroughFilterUInt16Component>
[component_container-19] [INFO] [1787493235.567217161] [sensing.lidar.top.pointcloud_preprocessor.pointcloud_container]: Found class: rclcpp_components::NodeFactoryTemplate<autoware::pointcloud_preprocessor::PickupBasedVoxelGridDownsampleFilterComponent>
[component_container-19] [INFO] [1787493235.567226741] [sensing.lidar.top.pointcloud_preprocessor.pointcloud_container]: Found class: rclcpp_components::NodeFactoryTemplate<autoware::pointcloud_preprocessor::PointCloudConcatenateDataSynchronizerComponent>
[component_container-19] [INFO] [1787493235.567235601] [sensing.lidar.top.pointcloud_preprocessor.pointcloud_container]: Found class: rclcpp_components::NodeFactoryTemplate<autoware::pointcloud_preprocessor::PointCloudConcatenationComponent>
[component_container-19] [INFO] [1787493235.567244131] [sensing.lidar.top.pointcloud_preprocessor.pointcloud_container]: Found class: rclcpp_components::NodeFactoryTemplate<autoware::pointcloud_preprocessor::PointCloudDataSynchronizerComponent>
[component_container-19] [INFO] [1787493235.567251951] [sensing.lidar.top.pointcloud_preprocessor.pointcloud_container]: Found class: rclcpp_components::NodeFactoryTemplate<autoware::pointcloud_preprocessor::PointCloudDensifierNode>
[component_container-19] [INFO] [1787493235.567260491] [sensing.lidar.top.pointcloud_preprocessor.pointcloud_container]: Found class: rclcpp_components::NodeFactoryTemplate<autoware::pointcloud_preprocessor::PointcloudAccumulatorComponent>
[component_container-19] [INFO] [1787493235.567269231] [sensing.lidar.top.pointcloud_preprocessor.pointcloud_container]: Found class: rclcpp_components::NodeFactoryTemplate<autoware::pointcloud_preprocessor::PolarVoxelNoiseFilterComponent>
[component_container-19] [INFO] [1787493235.567315971] [sensing.lidar.top.pointcloud_preprocessor.pointcloud_container]: Found class: rclcpp_components::NodeFactoryTemplate<autoware::pointcloud_preprocessor::PolarVoxelOutlierFilterComponent>
[component_container-19] [INFO] [1787493235.567328541] [sensing.lidar.top.pointcloud_preprocessor.pointcloud_container]: Found class: rclcpp_components::NodeFactoryTemplate<autoware::pointcloud_preprocessor::PolygonRemoverComponent>
[INFO] [launch_ros.actions.load_composable_nodes]: Loaded node '/sensing/lidar/left/ring_outlier_filter' in container '/sensing/lidar/left/pointcloud_preprocessor/pointcloud_container'
[component_container-19] [INFO] [1787493235.567337152] [sensing.lidar.top.pointcloud_preprocessor.pointcloud_container]: Found class: rclcpp_components::NodeFactoryTemplate<autoware::pointcloud_preprocessor::RadiusSearch2DOutlierFilterComponent>
[component_container-19] [INFO] [1787493235.567345832] [sensing.lidar.top.pointcloud_preprocessor.pointcloud_container]: Found class: rclcpp_components::NodeFactoryTemplate<autoware::pointcloud_preprocessor::RandomDownsampleFilterComponent>
[component_container-19] [INFO] [1787493235.567357092] [sensing.lidar.top.pointcloud_preprocessor.pointcloud_container]: Found class: rclcpp_components::NodeFactoryTemplate<autoware::pointcloud_preprocessor::RingOutlierFilterComponent>
[component_container-19] [INFO] [1787493235.567365242] [sensing.lidar.top.pointcloud_preprocessor.pointcloud_container]: Instantiate class: rclcpp_components::NodeFactoryTemplate<autoware::pointcloud_preprocessor::RingOutlierFilterComponent>
[component_container-21] [INFO] [1787493235.632305765] [sensing.lidar.right.pointcloud_preprocessor.pointcloud_container]: Found class: rclcpp_components::NodeFactoryTemplate<autoware::pointcloud_preprocessor::ApproximateDownsampleFilterComponent>
[component_container-21] [INFO] [1787493235.632365255] [sensing.lidar.right.pointcloud_preprocessor.pointcloud_container]: Found class: rclcpp_components::NodeFactoryTemplate<autoware::pointcloud_preprocessor::BlockageDiagComponent>
[component_container-21] [INFO] [1787493235.632378845] [sensing.lidar.right.pointcloud_preprocessor.pointcloud_container]: Found class: rclcpp_components::NodeFactoryTemplate<autoware::pointcloud_preprocessor::CropBoxFilterComponent>
[component_container-21] [INFO] [1787493235.632388555] [sensing.lidar.right.pointcloud_preprocessor.pointcloud_container]: Found class: rclcpp_components::NodeFactoryTemplate<autoware::pointcloud_preprocessor::DistortionCorrectorComponent>
[component_container-21] [INFO] [1787493235.632398075] [sensing.lidar.right.pointcloud_preprocessor.pointcloud_container]: Found class: rclcpp_components::NodeFactoryTemplate<autoware::pointcloud_preprocessor::DualReturnOutlierFilterComponent>
[component_container-21] [INFO] [1787493235.632407645] [sensing.lidar.right.pointcloud_preprocessor.pointcloud_container]: Found class: rclcpp_components::NodeFactoryTemplate<autoware::pointcloud_preprocessor::Lanelet2MapFilterComponent>
[component_container-21] [INFO] [1787493235.632416895] [sensing.lidar.right.pointcloud_preprocessor.pointcloud_container]: Found class: rclcpp_components::NodeFactoryTemplate<autoware::pointcloud_preprocessor::PassThroughFilterComponent>
[component_container-21] [INFO] [1787493235.632425615] [sensing.lidar.right.pointcloud_preprocessor.pointcloud_container]: Found class: rclcpp_components::NodeFactoryTemplate<autoware::pointcloud_preprocessor::PassThroughFilterUInt16Component>
[component_container-21] [INFO] [1787493235.632434475] [sensing.lidar.right.pointcloud_preprocessor.pointcloud_container]: Found class: rclcpp_components::NodeFactoryTemplate<autoware::pointcloud_preprocessor::PickupBasedVoxelGridDownsampleFilterComponent>
[component_container-21] [INFO] [1787493235.635952248] [sensing.lidar.right.pointcloud_preprocessor.pointcloud_container]: Found class: rclcpp_components::NodeFactoryTemplate<autoware::pointcloud_preprocessor::PointCloudConcatenateDataSynchronizerComponent>
[component_container-21] [INFO] [1787493235.635999008] [sensing.lidar.right.pointcloud_preprocessor.pointcloud_container]: Found class: rclcpp_components::NodeFactoryTemplate<autoware::pointcloud_preprocessor::PointCloudConcatenationComponent>
[component_container-21] [INFO] [1787493235.636012178] [sensing.lidar.right.pointcloud_preprocessor.pointcloud_container]: Found class: rclcpp_components::NodeFactoryTemplate<autoware::pointcloud_preprocessor::PointCloudDataSynchronizerComponent>
[component_container-21] [INFO] [1787493235.636022518] [sensing.lidar.right.pointcloud_preprocessor.pointcloud_container]: Found class: rclcpp_components::NodeFactoryTemplate<autoware::pointcloud_preprocessor::PointCloudDensifierNode>
[component_container-21] [INFO] [1787493235.636032598] [sensing.lidar.right.pointcloud_preprocessor.pointcloud_container]: Found class: rclcpp_components::NodeFactoryTemplate<autoware::pointcloud_preprocessor::PointcloudAccumulatorComponent>
[component_container-21] [INFO] [1787493235.636091598] [sensing.lidar.right.pointcloud_preprocessor.pointcloud_container]: Found class: rclcpp_components::NodeFactoryTemplate<autoware::pointcloud_preprocessor::PolarVoxelNoiseFilterComponent>
[component_container-21] [INFO] [1787493235.636107938] [sensing.lidar.right.pointcloud_preprocessor.pointcloud_container]: Found class: rclcpp_components::NodeFactoryTemplate<autoware::pointcloud_preprocessor::PolarVoxelOutlierFilterComponent>
[component_container-21] [INFO] [1787493235.636117888] [sensing.lidar.right.pointcloud_preprocessor.pointcloud_container]: Found class: rclcpp_components::NodeFactoryTemplate<autoware::pointcloud_preprocessor::PolygonRemoverComponent>
[component_container-21] [INFO] [1787493235.636127478] [sensing.lidar.right.pointcloud_preprocessor.pointcloud_container]: Found class: rclcpp_components::NodeFactoryTemplate<autoware::pointcloud_preprocessor::RadiusSearch2DOutlierFilterComponent>
[component_container-21] [INFO] [1787493235.636137778] [sensing.lidar.right.pointcloud_preprocessor.pointcloud_container]: Found class: rclcpp_components::NodeFactoryTemplate<autoware::pointcloud_preprocessor::RandomDownsampleFilterComponent>
[component_container-21] [INFO] [1787493235.636150268] [sensing.lidar.right.pointcloud_preprocessor.pointcloud_container]: Found class: rclcpp_components::NodeFactoryTemplate<autoware::pointcloud_preprocessor::RingOutlierFilterComponent>
[component_container-21] [INFO] [1787493235.636160268] [sensing.lidar.right.pointcloud_preprocessor.pointcloud_container]: Instantiate class: rclcpp_components::NodeFactoryTemplate<autoware::pointcloud_preprocessor::RingOutlierFilterComponent>
[INFO] [launch_ros.actions.load_composable_nodes]: Loaded node '/control/autoware_operation_mode_transition_manager' in container '/control/control_container'
[INFO] [launch_ros.actions.load_composable_nodes]: Loaded node '/adapi/node/routing' in container '/adapi/container'
[component_container_mt-16] [INFO] [1787493235.726693894] [map.map_container]: Load Library: /root/autoware/install/autoware_map_tf_generator/lib/libvector_map_tf_generator_node.so
[INFO] [launch_ros.actions.load_composable_nodes]: Loaded node '/control/collision_detector' in container '/control/control_check_container'
[component_container_mt-16] [INFO] [1787493235.754038812] [map.map_container]: Found class: rclcpp_components::NodeFactoryTemplate<autoware::map_tf_generator::VectorMapTFGeneratorNode>
[component_container_mt-16] [INFO] [1787493235.754090142] [map.map_container]: Instantiate class: rclcpp_components::NodeFactoryTemplate<autoware::map_tf_generator::VectorMapTFGeneratorNode>
[INFO] [launch_ros.actions.load_composable_nodes]: Loaded node '/sensing/lidar/top/ring_outlier_filter' in container '/sensing/lidar/top/pointcloud_preprocessor/pointcloud_container'
[INFO] [launch_ros.actions.load_composable_nodes]: Loaded node '/map/vector_map_tf_generator' in container '/map/map_container'
[INFO] [launch_ros.actions.load_composable_nodes]: Loaded node '/sensing/lidar/right/ring_outlier_filter' in container '/sensing/lidar/right/pointcloud_preprocessor/pointcloud_container'
[component_container_mt-61] [INFO] [1787493235.947248435] [control.collision_detector]: waiting for current odometry...
[autoware_mrm_handler_node-14] [WARN] [1787493235.948558730] [system.mrm_handler]: no mrm operation available: operate emergency_stop
[INFO] [launch_ros.actions.load_composable_nodes]: Loaded node '/adapi/node/autoware_state' in container '/adapi/container'
[component_container-19] [WARN] [1787493236.215397149] [sensing.lidar.top.distortion_corrector_node]: Twist time_stamp is too late. Could not interpolate.
[INFO] [launch_ros.actions.load_composable_nodes]: Loaded node '/adapi/node/diagnostics' in container '/adapi/container'
[component_container_mt-16] [INFO] [1787493236.356131826] [map.lanelet2_map_loader]: Loaded map format_version: 1
[autoware_mrm_handler_node-14] [WARN] [1787493236.414059964] [system.mrm_handler]: no mrm operation available: operate emergency_stop
[component_container_mt-1] [WARN] [1787493236.415337519] [sensing.lidar.concatenate_data]: transformed_raw_points[/sensing/lidar/right/pointcloud_before_sync] is nullptr, skipping pointcloud publish.
[component_container_mt-1] [WARN] [1787493236.415398239] [sensing.lidar.concatenate_data]: transformed_raw_points[/sensing/lidar/left/pointcloud_before_sync] is nullptr, skipping pointcloud publish.
[INFO] [launch_ros.actions.load_composable_nodes]: Loaded node '/adapi/node/fail_safe' in container '/adapi/container'
[INFO] [launch_ros.actions.load_composable_nodes]: Loaded node '/adapi/node/heartbeat' in container '/adapi/container'
[component_container-21] [WARN] [1787493236.733623763] [sensing.lidar.right.distortion_corrector_node]: Twist time_stamp is too late. Could not interpolate.
[INFO] [launch_ros.actions.load_composable_nodes]: Loaded node '/adapi/node/manual/local' in container '/adapi/container'
[component_container_mt-16] [INFO] [1787493236.898680207] [map.lanelet2_map_loader]: Succeeded to load lanelet2_map. Map is published.
[INFO] [launch_ros.actions.load_composable_nodes]: Loaded node '/adapi/node/manual/remote' in container '/adapi/container'
[autoware_mrm_handler_node-14] [WARN] [1787493237.200716045] [system.mrm_handler]: no mrm operation available: operate emergency_stop
[autoware_gyro_odometer_node-26] [ERROR] [1787493237.201297907] [localization.twist_estimator.gyro_odometer]: Vehicle twist msg is timeout. vehicle_twist_dt: 0.333333343[sec], tolerance 0.2[sec]; IMU msg is timeout. imu_dt: 0.30606143[sec], tolerance 0.2[sec]; Please publish TF from base_link to frame of IMU.; 
[component_container-8] [INFO] [1787493237.201468067] [system.topic_state_monitor_pose_twist_fusion_filter_pose]: /localization/pose_twist_fusion_filter/pose has not received. Set ERROR in diagnostics.
[component_container_mt-1] [WARN] [1787493237.206533036] [sensing.lidar.concatenate_data]: transformed_raw_points[/sensing/lidar/left/pointcloud_before_sync] is nullptr, skipping pointcloud publish.
[component_container_mt-60] [WARN] [1787493237.206601316] [control.vehicle_cmd_gate]: Emergency!
[service_log_checker_node-7] [ERROR] [1787493237.219256682] [system.service_log_checker]: /api/localization/initialize: status code 1 'The vehicle is not stopped.' (/localization/util/default_adapi/helpers/autoware_automatic_pose_initializer)
[INFO] [launch_ros.actions.load_composable_nodes]: Loaded node '/planning/scenario_planning/lane_driving/motion_planning/motion_velocity_planner' in container '/planning/scenario_planning/lane_driving/motion_planning/motion_planning_container'
[INFO] [launch_ros.actions.load_composable_nodes]: Loaded node '/adapi/node/motion' in container '/adapi/container'
[INFO] [launch_ros.actions.load_composable_nodes]: Loaded node '/adapi/node/mrm_request' in container '/adapi/container'
[component_container-20] [WARN] [1787493237.696069250] [sensing.lidar.left.distortion_corrector_node]: Twist time_stamp is too late. Could not interpolate.
[INFO] [launch_ros.actions.load_composable_nodes]: Loaded node '/adapi/node/operation_mode' in container '/adapi/container'
[component_container_mt-16] [INFO] [1787493237.870653028] [map.lanelet2_map_visualization]: Map is loaded
[component_container_mt-16] 
[autoware_mrm_handler_node-14] [WARN] [1787493237.954437310] [system.mrm_handler]: no mrm operation available: operate emergency_stop
[component_container_mt-1] [WARN] [1787493237.957068570] [sensing.lidar.concatenate_data]: transformed_raw_points[/sensing/lidar/right/pointcloud_before_sync] is nullptr, skipping pointcloud publish.
[component_container_mt-1] [WARN] [1787493237.957108420] [sensing.lidar.concatenate_data]: transformed_raw_points[/sensing/lidar/top/pointcloud_before_sync] is nullptr, skipping pointcloud publish.
[component_container_mt-1] [WARN] [1787493237.969803346] [sensing.lidar.concatenate_data]: transformed_raw_points[/sensing/lidar/right/pointcloud_before_sync] is nullptr, skipping pointcloud publish.
[component_container_mt-54] added a slot with 1 modules
[component_container_mt-54] external_request_lane_change_left registered in slot_configuration is not registered, skipping
[component_container_mt-54] external_request_lane_change_right registered in slot_configuration is not registered, skipping
[component_container_mt-54] direction_change registered in slot_configuration is not registered, skipping
[component_container_mt-54] added a slot with 6 modules
[component_container_mt-54] added a slot with 1 modules
[component_container_mt-54] dynamic_obstacle_avoidance registered in slot_configuration is not registered, skipping
[INFO] [launch_ros.actions.load_composable_nodes]: Loaded node '/adapi/node/perception' in container '/adapi/container'
[component_container_mt-54] [WARN] [1787493238.100702468] [planning.scenario_planning.lane_driving.behavior_planning.behavior_path_planner]: Parameter 'velocity_points' is not updated because the given parameter array is empty.
[component_container_mt-54] [WARN] [1787493238.100771348] [planning.scenario_planning.lane_driving.behavior_planning.behavior_path_planner]: Parameter 'lateral_thresholds' is not updated because the given parameter array is empty.
[component_container_mt-16] [INFO] [1787493238.116612766] [map.vector_map_tf_generator]: broadcast static tf. map_frame:map, viewer_frame:viewer, x:81711.4, y:50319.5, z:38.2854
[INFO] [launch_ros.actions.load_composable_nodes]: Loaded node '/planning/scenario_planning/lane_driving/behavior_planning/behavior_path_planner' in container '/planning/scenario_planning/lane_driving/behavior_planning/behavior_planning_container'
[INFO] [launch_ros.actions.load_composable_nodes]: Loaded node '/adapi/node/planning' in container '/adapi/container'
[logging_node-15] [WARN] [1787493238.459653554] [logging_diag_graph]: The target mode is not available for the following reasons:
[logging_node-15] - /autoware/modes/autonomous ERROR
[logging_node-15]     - /autoware/map ERROR
[logging_node-15]         - /autoware/map/topic_rate_check/vector_map ERROR
[logging_node-15]         - /autoware/map/topic_rate_check/pointcloud_map ERROR
[logging_node-15]     - /autoware/localization ERROR
[logging_node-15]         - /autoware/localization/state ERROR
[logging_node-15]         - [anonymous group] ERROR
[logging_node-15]             - /autoware/localization/topic_rate_check/transform ERROR
[logging_node-15]             - /autoware/localization/topic_rate_check/pose_twist_fusion ERROR
[logging_node-15]             - /autoware/localization/scan_matching_status STALE
[logging_node-15]             - /autoware/localization/accuracy STALE
[logging_node-15]             - /autoware/localization/sensor_fusion_status WARN 
[logging_node-15]     - /autoware/planning ERROR
[logging_node-15]         - /autoware/planning/routing/state ERROR
[logging_node-15]         - [anonymous group] ERROR
[logging_node-15]             - /autoware/planning/topic_rate_check/route ERROR
[logging_node-15]             - /autoware/planning/topic_rate_check/trajectory ERROR
[logging_node-15]     - /autoware/perception ERROR
[logging_node-15]         - /autoware/perception/topic_rate_check/objects ERROR
[logging_node-15]         - /autoware/perception/topic_rate_check/pointcloud ERROR
[logging_node-15]     - /autoware/control ERROR
[logging_node-15]         - /autoware/control/topic_rate_check/trajectory_follower ERROR
[logging_node-15]         - /autoware/control/topic_rate_check/control_command WARN 
[logging_node-15]         - /autoware/control/performance_monitoring/lane_departure STALE
[logging_node-15]     - /autoware/vehicle WARN 
[logging_node-15]         - /autoware/vehicle/topic_rate_check/velocity WARN 
[logging_node-15]         - /autoware/vehicle/topic_rate_check/steering WARN 
[logging_node-15]     - /autoware/system WARN 
[logging_node-15]         - /autoware/system/topic_rate_check/emergency_control_command WARN 
[logging_node-15] 
[component_container_mt-1] [WARN] [1787493238.462983316] [sensing.lidar.concatenate_data]: transformed_raw_points[/sensing/lidar/right/pointcloud_before_sync] is nullptr, skipping pointcloud publish.
[component_container_mt-1] [WARN] [1787493238.463398407] [sensing.lidar.concatenate_data]: transformed_raw_points[/sensing/lidar/top/pointcloud_before_sync] is nullptr, skipping pointcloud publish.
[component_container_mt-1] [WARN] [1787493238.463418327] [sensing.lidar.concatenate_data]: transformed_raw_points[/sensing/lidar/left/pointcloud_before_sync] is nullptr, skipping pointcloud publish.
[component_container_mt-1] [WARN] [1787493238.463674988] [sensing.lidar.concatenate_data]: transformed_raw_points[/sensing/lidar/right/pointcloud_before_sync] is nullptr, skipping pointcloud publish.
[component_container_mt-1] [WARN] [1787493238.463691648] [sensing.lidar.concatenate_data]: transformed_raw_points[/sensing/lidar/top/pointcloud_before_sync] is nullptr, skipping pointcloud publish.
[autoware_mrm_handler_node-14] [INFO] [1787493238.464714992] [system.mrm_handler]: MRM State changed: MRM_OPERATING -> NORMAL
[autoware_mrm_handler_node-14] [WARN] [1787493238.465914596] [system.mrm_handler]: EMERGENCY_STOP is canceled.
[INFO] [launch_ros.actions.load_composable_nodes]: Loaded node '/adapi/node/vehicle_status' in container '/adapi/container'
[INFO] [launch_ros.actions.load_composable_nodes]: Loaded node '/adapi/node/vehicle_command' in container '/adapi/container'
[INFO] [launch_ros.actions.load_composable_nodes]: Loaded node '/adapi/node/vehicle_metrics' in container '/adapi/container'
[INFO] [launch_ros.actions.load_composable_nodes]: Loaded node '/adapi/node/vehicle_info' in container '/adapi/container'
[autoware_ekf_localizer_node-29] [WARN] [1787493238.964008824] [localization.pose_twist_fusion_filter.ekf_localizer]: The node is not activated. Provide initial pose to pose_initializer
[component_container_mt-60] [INFO] [1787493238.964222285] [control.vehicle_cmd_gate]: The operation mode is changed, but the GearCommand is not received yet:
[component_container_mt-1] [WARN] [1787493238.965024888] [sensing.lidar.concatenate_data]: transformed_raw_points[/sensing/lidar/right/pointcloud_before_sync] is nullptr, skipping pointcloud publish.
[component_container_mt-1] [WARN] [1787493238.965075868] [sensing.lidar.concatenate_data]: transformed_raw_points[/sensing/lidar/left/pointcloud_before_sync] is nullptr, skipping pointcloud publish.
[autoware_gyro_odometer_node-26] [ERROR] [1787493238.966033301] [localization.twist_estimator.gyro_odometer]: Vehicle twist msg is timeout. vehicle_twist_dt: 0.333333343[sec], tolerance 0.2[sec]; IMU msg is timeout. imu_dt: 0.339394902[sec], tolerance 0.2[sec]; 
[component_container_mt-1] [WARN] [1787493238.968589530] [sensing.lidar.concatenate_data]: transformed_raw_points[/sensing/lidar/left/pointcloud_before_sync] is nullptr, skipping pointcloud publish.
[autoware_pose_initializer_node-27] [INFO] [1787493238.970981949] [localization.util.pose_initializer]: EKF triggering service is available!
[autoware_pose_initializer_node-27] [INFO] [1787493238.974102410] [localization.util.pose_initializer]: EKF Deactivation succeeded
[autoware_pose_initializer_node-27] [INFO] [1787493238.974684102] [localization.util.pose_initializer]: NDT triggering service is available!
[component_container-8] [WARN] [1787493238.980844185] [system.topic_state_monitor_system_emergency_control_cmd]: /system/emergency/control_cmd topic rate has dropped to the warning level. Set WARN in diagnostics.
[autoware_pose_initializer_node-27] [INFO] [1787493238.982279780] [localization.util.pose_initializer]: NDT Deactivation succeeded
[autoware_pose_initializer_node-27] [INFO] [1787493238.982355850] [localization.util.pose_initializer]: fit_target: pointcloud_map, frame: map
[INFO] [launch_ros.actions.load_composable_nodes]: Loaded node '/adapi/node/vehicle_door' in container '/adapi/container'
[autoware_mrm_handler_node-14] [INFO] [1787493239.276601774] [system.mrm_handler]: MRM State changed: NORMAL -> MRM_OPERATING
[autoware_mrm_handler_node-14] [WARN] [1787493239.276650324] [system.mrm_handler]: no mrm operation available: operate emergency_stop
[autoware_mrm_handler_node-14] [WARN] [1787493239.277617558] [system.mrm_handler]: EMERGENCY_STOP is operated.
[component_container_mt-1] [WARN] [1787493239.278348930] [sensing.lidar.concatenate_data]: transformed_raw_points[/sensing/lidar/right/pointcloud_before_sync] is nullptr, skipping pointcloud publish.
[autoware_mrm_handler_node-14] [INFO] [1787493239.543197838] [system.mrm_handler]: MRM State changed: MRM_OPERATING -> NORMAL
[component_container_mt-1] [WARN] [1787493239.543224398] [sensing.lidar.concatenate_data]: transformed_raw_points[/sensing/lidar/left/pointcloud_before_sync] is nullptr, skipping pointcloud publish.
[component_container_mt-60] [WARN] [1787493239.544930824] [control.vehicle_cmd_gate]: Emergency!
[autoware_mrm_handler_node-14] [WARN] [1787493239.544947664] [system.mrm_handler]: EMERGENCY_STOP is canceled.
[component_container_mt-48] [INFO] [1787493239.684232748] [planning.mission_planning.mission_planner]: waiting odometry... Route API is not ready.
[autoware_scenario_selector_node-50] [INFO] [1787493239.791948627] [planning.scenario_planning.scenario_selector]: Waiting for current pose.
[component_container_mt-1] [WARN] [1787493239.792763410] [sensing.lidar.concatenate_data]: transformed_raw_points[/sensing/lidar/right/pointcloud_before_sync] is nullptr, skipping pointcloud publish.
[component_container_mt-1] [WARN] [1787493239.792826880] [sensing.lidar.concatenate_data]: transformed_raw_points[/sensing/lidar/left/pointcloud_before_sync] is nullptr, skipping pointcloud publish.
[component_container_mt-1] [WARN] [1787493239.793696554] [sensing.lidar.concatenate_data]: transformed_raw_points[/sensing/lidar/right/pointcloud_before_sync] is nullptr, skipping pointcloud publish.
[component_container_mt-1] [WARN] [1787493239.793720044] [sensing.lidar.concatenate_data]: transformed_raw_points[/sensing/lidar/left/pointcloud_before_sync] is nullptr, skipping pointcloud publish.
[autoware_gyro_odometer_node-26] [ERROR] [1787493239.947885441] [localization.twist_estimator.gyro_odometer]: Vehicle twist msg is timeout. vehicle_twist_dt: 0.239827575[sec], tolerance 0.2[sec]; IMU msg is timeout. imu_dt: 0.218379943[sec], tolerance 0.2[sec]; 
[component_container_mt-1] [WARN] [1787493239.948398773] [sensing.lidar.concatenate_data]: transformed_raw_points[/sensing/lidar/right/pointcloud_before_sync] is nullptr, skipping pointcloud publish.
[autoware_mrm_handler_node-14] [INFO] [1787493239.948866755] [system.mrm_handler]: MRM State changed: NORMAL -> MRM_OPERATING
[autoware_mrm_handler_node-14] [WARN] [1787493239.948904815] [system.mrm_handler]: no mrm operation available: operate emergency_stop
[component_container_mt-1] [WARN] [1787493239.949529907] [sensing.lidar.concatenate_data]: transformed_raw_points[/sensing/lidar/right/pointcloud_before_sync] is nullptr, skipping pointcloud publish.
[component_container_mt-1] [WARN] [1787493239.949561257] [sensing.lidar.concatenate_data]: transformed_raw_points[/sensing/lidar/left/pointcloud_before_sync] is nullptr, skipping pointcloud publish.
[autoware_mrm_handler_node-14] [WARN] [1787493239.949713888] [system.mrm_handler]: EMERGENCY_STOP is operated.
[autoware_mrm_handler_node-14] [WARN] [1787493240.095382945] [system.mrm_handler]: no mrm operation available: operate emergency_stop
[autoware_mrm_handler_node-14] [INFO] [1787493240.177347832] [system.mrm_handler]: MRM State changed: MRM_OPERATING -> NORMAL
[autoware_mrm_handler_node-14] [WARN] [1787493240.178186265] [system.mrm_handler]: EMERGENCY_STOP is canceled.
[component_container_mt-1] [WARN] [1787493240.256929510] [sensing.lidar.concatenate_data]: transformed_raw_points[/sensing/lidar/right/pointcloud_before_sync] is nullptr, skipping pointcloud publish.
[component_container_mt-1] [WARN] [1787493240.256981700] [sensing.lidar.concatenate_data]: transformed_raw_points[/sensing/lidar/top/pointcloud_before_sync] is nullptr, skipping pointcloud publish.
[component_container_mt-1] [WARN] [1787493240.421493366] [sensing.lidar.concatenate_data]: transformed_raw_points[/sensing/lidar/left/pointcloud_before_sync] is nullptr, skipping pointcloud publish.
[component_container_mt-1] [WARN] [1787493240.516173659] [sensing.lidar.concatenate_data]: transformed_raw_points[/sensing/lidar/right/pointcloud_before_sync] is nullptr, skipping pointcloud publish.
[component_container_mt-1] [WARN] [1787493240.516241649] [sensing.lidar.concatenate_data]: transformed_raw_points[/sensing/lidar/left/pointcloud_before_sync] is nullptr, skipping pointcloud publish.
[component_container_mt-1] [WARN] [1787493240.717563378] [sensing.lidar.concatenate_data]: transformed_raw_points[/sensing/lidar/right/pointcloud_before_sync] is nullptr, skipping pointcloud publish.
[component_container_mt-1] [WARN] [1787493240.717619658] [sensing.lidar.concatenate_data]: transformed_raw_points[/sensing/lidar/left/pointcloud_before_sync] is nullptr, skipping pointcloud publish.
[component_container-8] [INFO] [1787493240.793483723] [system.topic_state_monitor_transform_map_to_base_link]: /tf has not received. Set ERROR in diagnostics.
[autoware_ekf_localizer_node-29] [WARN] [1787493240.794691868] [localization.pose_twist_fusion_filter.ekf_localizer]: The node is not activated. Provide initial pose to pose_initializer
[component_container_mt-1] [WARN] [1787493240.818959545] [sensing.lidar.concatenate_data]: transformed_raw_points[/sensing/lidar/top/pointcloud_before_sync] is nullptr, skipping pointcloud publish.
[component_container_mt-1] [WARN] [1787493240.819024266] [sensing.lidar.concatenate_data]: transformed_raw_points[/sensing/lidar/left/pointcloud_before_sync] is nullptr, skipping pointcloud publish.
[component_container_mt-1] [WARN] [1787493240.917598293] [sensing.lidar.concatenate_data]: transformed_raw_points[/sensing/lidar/top/pointcloud_before_sync] is nullptr, skipping pointcloud publish.
[component_container_mt-1] [WARN] [1787493240.917658293] [sensing.lidar.concatenate_data]: transformed_raw_points[/sensing/lidar/left/pointcloud_before_sync] is nullptr, skipping pointcloud publish.
[component_container_mt-60] [INFO] [1787493241.014985216] [control.trajectory_follower.controller_node_exe]: Waiting for acceleration data
[component_container_mt-60] [INFO] [1787493241.015080356] [control.trajectory_follower.controller_node_exe]: Control is skipped since input data is not ready.
[component_container_mt-56] [ERROR] [1787493241.015340007] [planning.scenario_planning.parking.costmap_generator]: Could not find a connection between 'map' and 'base_link' because they are not part of the same tree.Tf has two or more unconnected trees.
[component_container_mt-1] [WARN] [1787493241.015783298] [sensing.lidar.concatenate_data]: transformed_raw_points[/sensing/lidar/right/pointcloud_before_sync] is nullptr, skipping pointcloud publish.
[component_container_mt-1] [WARN] [1787493241.119036063] [sensing.lidar.concatenate_data]: transformed_raw_points[/sensing/lidar/top/pointcloud_before_sync] is nullptr, skipping pointcloud publish.
[component_container_mt-1] [WARN] [1787493241.263742858] [sensing.lidar.concatenate_data]: transformed_raw_points[/sensing/lidar/right/pointcloud_before_sync] is nullptr, skipping pointcloud publish.
[component_container_mt-1] [WARN] [1787493241.263843579] [sensing.lidar.concatenate_data]: transformed_raw_points[/sensing/lidar/left/pointcloud_before_sync] is nullptr, skipping pointcloud publish.
[logging_node-15] [WARN] [1787493241.310515788] [logging_diag_graph]: The target mode is not available for the following reasons:
[logging_node-15] - /autoware/modes/autonomous ERROR
[logging_node-15]     - /autoware/map ERROR
[logging_node-15]         - /autoware/map/topic_rate_check/pointcloud_map ERROR
[logging_node-15]     - /autoware/localization ERROR
[logging_node-15]         - /autoware/localization/state ERROR
[logging_node-15]         - [anonymous group] ERROR
[logging_node-15]             - /autoware/localization/topic_rate_check/transform ERROR
[logging_node-15]             - /autoware/localization/topic_rate_check/pose_twist_fusion ERROR
[logging_node-15]             - /autoware/localization/scan_matching_status STALE
[logging_node-15]             - /autoware/localization/accuracy STALE
[logging_node-15]             - /autoware/localization/sensor_fusion_status WARN 
[logging_node-15]     - /autoware/planning ERROR
[logging_node-15]         - /autoware/planning/routing/state ERROR
[logging_node-15]         - [anonymous group] ERROR
[logging_node-15]             - /autoware/planning/topic_rate_check/route ERROR
[logging_node-15]             - /autoware/planning/topic_rate_check/trajectory ERROR
[logging_node-15]     - /autoware/perception ERROR
[logging_node-15]         - /autoware/perception/topic_rate_check/pointcloud ERROR
[logging_node-15]     - /autoware/control ERROR
[logging_node-15]         - /autoware/control/topic_rate_check/trajectory_follower ERROR
[logging_node-15]         - /autoware/control/topic_rate_check/control_command ERROR
[logging_node-15] 
[component_container_mt-61] [INFO] [1787493241.387040975] [control.trajectory_follower.lane_departure_checker_node]: waiting for current_twist msg...
[component_container_mt-1] [WARN] [1787493241.388625881] [sensing.lidar.concatenate_data]: transformed_raw_points[/sensing/lidar/right/pointcloud_before_sync] is nullptr, skipping pointcloud publish.
[component_container_mt-1] [WARN] [1787493241.409907689] [sensing.lidar.concatenate_data]: transformed_raw_points[/sensing/lidar/left/pointcloud_before_sync] is nullptr, skipping pointcloud publish.
[component_container-8] [WARN] [1787493241.711593473] [system.topic_state_monitor_control_command_control_cmd]: /control/command/control_cmd topic is timeout. Set ERROR in diagnostics.
[component_container_mt-1] [WARN] [1787493242.002507108] [sensing.lidar.concatenate_data]: transformed_raw_points[/sensing/lidar/right/pointcloud_before_sync] is nullptr, skipping pointcloud publish.
[component_container_mt-61] [INFO] [1787493242.014517502] [control.collision_detector]: waiting for current odometry...
[component_container_mt-61] [INFO] [1787493242.016169308] [control.autonomous_emergency_braking]: [AEB] waiting for object pointcloud message
[autoware_pose_initializer_node-27] [INFO] [1787493242.048789807] [localization.util.pose_initializer]: Call align server.
[component_container_mt-1] [WARN] [1787493242.314569343] [sensing.lidar.concatenate_data]: transformed_raw_points[/sensing/lidar/top/pointcloud_before_sync] is nullptr, skipping pointcloud publish.
[component_container_mt-1] [WARN] [1787493242.384872428] [sensing.lidar.concatenate_data]: transformed_raw_points[/sensing/lidar/right/pointcloud_before_sync] is nullptr, skipping pointcloud publish.
[component_container_mt-1] [WARN] [1787493242.384924008] [sensing.lidar.concatenate_data]: transformed_raw_points[/sensing/lidar/left/pointcloud_before_sync] is nullptr, skipping pointcloud publish.
[component_container_mt-40] [I] [TRT] [MemUsageChange] Init builder kernel library: CPU +2655, GPU +808, now: CPU 2907, GPU 4241 (MiB)
[component_container_mt-40] [I] [TRT] ----------------------------------------------------------------
[component_container_mt-40] [I] [TRT] Input filename:   /root/autoware_data/ml_models/traffic_light_classifier/traffic_light_classifier_mobilenetv2_batch_6.onnx
[component_container_mt-40] [I] [TRT] ONNX IR version:  0.0.8
[component_container_mt-40] [I] [TRT] Opset version:    11
[component_container_mt-40] [I] [TRT] Producer name:    pytorch
[component_container_mt-40] [I] [TRT] Producer version: 1.13.1
[component_container_mt-40] [I] [TRT] Domain:           
[component_container_mt-40] [I] [TRT] Model version:    0
[component_container_mt-40] [I] [TRT] Doc string:       
[component_container_mt-40] [I] [TRT] ----------------------------------------------------------------
[component_container_mt-40] [W] [TRT] Engine is not initialized. Retrieving data from network
[component_container_mt-40] [W] [TRT] Engine is not initialized. Retrieving data from network
[component_container_mt-40] [I] [TRT] Setting optimization profile for tensor: input {min [6, 3, 224, 224], opt [6, 3, 224, 224], max [6, 3, 224, 224]}
[component_container_mt-40] [I] [TRT] Loading engine
[component_container_mt-40] [I] [TRT] Plan was created with TensorRT 10.8.0
[component_container_mt-40] [I] [TRT] Loaded engine size: 6 MiB
[component_container_mt-1] [WARN] [1787493242.563836319] [sensing.lidar.concatenate_data]: transformed_raw_points[/sensing/lidar/top/pointcloud_before_sync] is nullptr, skipping pointcloud publish.
[component_container_mt-1] [WARN] [1787493242.563889589] [sensing.lidar.concatenate_data]: transformed_raw_points[/sensing/lidar/left/pointcloud_before_sync] is nullptr, skipping pointcloud publish.
[component_container_mt-40] [I] [TRT] [MemUsageChange] TensorRT-managed allocation in IExecutionContext creation: CPU +0, GPU +20, now: CPU 0, GPU 24 (MiB)
[component_container_mt-40] [I] [TRT] Network validation
[component_container_mt-40] [I] [TRT] Engine setup completed
[component_container_mt-40] [W] [TRT] Network IO is empty, skipping validation. It might lead to undefined behavior
[component_container_mt-40] [W] [TRT] Network IO is empty, skipping validation. It might lead to undefined behavior
[INFO] [launch_ros.actions.load_composable_nodes]: Loaded node '/perception/traffic_light_recognition/traffic_light/classification/car_traffic_light_classifier' in container '/perception/traffic_light_recognition/traffic_light/traffic_light_node_container'
[component_container_mt-40] [INFO] [1787493242.583668851] [perception.traffic_light_recognition.traffic_light.traffic_light_node_container]: Load Library: /root/autoware/install/autoware_image_transport_decompressor/lib/libautoware_image_transport_decompressor.so
[component_container_mt-40] [INFO] [1787493242.586091789] [perception.traffic_light_recognition.traffic_light.traffic_light_node_container]: Found class: rclcpp_components::NodeFactoryTemplate<autoware::image_preprocessor::ImageTransportDecompressor>
[component_container_mt-40] [INFO] [1787493242.586131900] [perception.traffic_light_recognition.traffic_light.traffic_light_node_container]: Instantiate class: rclcpp_components::NodeFactoryTemplate<autoware::image_preprocessor::ImageTransportDecompressor>
[INFO] [launch_ros.actions.load_composable_nodes]: Loaded node '/perception/traffic_light_recognition/traffic_light/traffic_light_image_decompressor' in container '/perception/traffic_light_recognition/traffic_light/traffic_light_node_container'
[component_container_mt-40] [WARN] [1787493242.671479520] [perception.traffic_light_recognition.traffic_light.traffic_light_image_decompressor]: New subscription discovered on topic '/sensing/camera/traffic_light/image_raw', requesting incompatible QoS. No messages will be sent to it. Last incompatible policy: RELIABILITY_QOS_POLICY
[component_container_mt-40] [INFO] [1787493242.675856146] [perception.traffic_light_recognition.traffic_light.traffic_light_node_container]: Load Library: /root/autoware/install/autoware_traffic_light_fine_detector/lib/libautoware_traffic_light_fine_detector.so
[component_container_mt-40] [INFO] [1787493242.681948818] [perception.traffic_light_recognition.traffic_light.traffic_light_node_container]: Found class: rclcpp_components::NodeFactoryTemplate<autoware::traffic_light::TrafficLightFineDetectorNode>
[component_container_mt-40] [INFO] [1787493242.681996988] [perception.traffic_light_recognition.traffic_light.traffic_light_node_container]: Instantiate class: rclcpp_components::NodeFactoryTemplate<autoware::traffic_light::TrafficLightFineDetectorNode>
[component_container_mt-1] [WARN] [1787493242.689218254] [sensing.lidar.concatenate_data]: transformed_raw_points[/sensing/lidar/right/pointcloud_before_sync] is nullptr, skipping pointcloud publish.
[component_container_mt-1] [WARN] [1787493242.689280304] [sensing.lidar.concatenate_data]: transformed_raw_points[/sensing/lidar/left/pointcloud_before_sync] is nullptr, skipping pointcloud publish.
[component_container_mt-1] [I] [TRT] [MemUsageChange] Init builder kernel library: CPU +2690, GPU +876, now: CPU 2977, GPU 4325 (MiB)
[component_container_mt-40] [I] [TRT] The logger passed into createInferRuntime differs from one already provided for an existing builder, runtime, or refitter. Uses of the global logger, returned by nvinfer1::getLogger(), will return the existing value.
[component_container_mt-40] [I] [TRT] The logger passed into createInferBuilder differs from one already provided for an existing builder, runtime, or refitter. Uses of the global logger, returned by nvinfer1::getLogger(), will return the existing value.
[autoware_ekf_localizer_node-29] [WARN] [1787493242.767865790] [localization.pose_twist_fusion_filter.ekf_localizer]: The node is not activated. Provide initial pose to pose_initializer
[component_container_mt-1] [I] [TRT] ----------------------------------------------------------------
[component_container_mt-1] [I] [TRT] Input filename:   /root/autoware_data/ml_models/lidar_centerpoint/pts_voxel_encoder_centerpoint_tiny.onnx
[component_container_mt-1] [I] [TRT] ONNX IR version:  0.0.6
[component_container_mt-1] [I] [TRT] Opset version:    11
[component_container_mt-1] [I] [TRT] Producer name:    pytorch
[component_container_mt-1] [I] [TRT] Producer version: 1.9
[component_container_mt-1] [I] [TRT] Domain:           
[component_container_mt-1] [I] [TRT] Model version:    0
[component_container_mt-1] [I] [TRT] Doc string:       
[component_container_mt-1] [I] [TRT] ----------------------------------------------------------------
[component_container_mt-1] [I] [TRT] The logger passed into createInferRuntime differs from one already provided for an existing builder, runtime, or refitter. Uses of the global logger, returned by nvinfer1::getLogger(), will return the existing value.
[component_container_mt-1] [I] [TRT] The logger passed into createInferBuilder differs from one already provided for an existing builder, runtime, or refitter. Uses of the global logger, returned by nvinfer1::getLogger(), will return the existing value.
[component_container_mt-1] [WARN] [1787493242.814585290] [sensing.lidar.concatenate_data]: transformed_raw_points[/sensing/lidar/right/pointcloud_before_sync] is nullptr, skipping pointcloud publish.
[component_container_mt-1] [WARN] [1787493242.814652780] [sensing.lidar.concatenate_data]: transformed_raw_points[/sensing/lidar/left/pointcloud_before_sync] is nullptr, skipping pointcloud publish.
[component_container_mt-40] [I] [TRT] ----------------------------------------------------------------
[component_container_mt-40] [I] [TRT] Input filename:   /root/autoware_data/ml_models/traffic_light_fine_detector/tlr_car_ped_yolox_s_batch_6.onnx
[component_container_mt-40] [I] [TRT] ONNX IR version:  0.0.6
[component_container_mt-40] [I] [TRT] Opset version:    11
[component_container_mt-40] [I] [TRT] Producer name:    pytorch
[component_container_mt-40] [I] [TRT] Producer version: 1.13.1
[component_container_mt-40] [I] [TRT] Domain:           
[component_container_mt-40] [I] [TRT] Model version:    0
[component_container_mt-40] [I] [TRT] Doc string:       
[component_container_mt-40] [I] [TRT] ----------------------------------------------------------------
[component_container_mt-40] [W] [TRT] Engine is not initialized. Retrieving data from network
[component_container_mt-40] [W] [TRT] Engine is not initialized. Retrieving data from network
[component_container_mt-40] [I] [TRT] Setting optimization profile for tensor: images {min [6, 3, 416, 416], opt [6, 3, 416, 416], max [6, 3, 416, 416]}
[component_container_mt-40] [I] [TRT] Loading engine
[component_container_mt-1] [I] [TRT] ----------------------------------------------------------------
[component_container_mt-1] [I] [TRT] Input filename:   /root/autoware_data/ml_models/lidar_centerpoint/pts_backbone_neck_head_centerpoint_tiny.onnx
[component_container_mt-1] [I] [TRT] ONNX IR version:  0.0.6
[component_container_mt-1] [I] [TRT] Opset version:    11
[component_container_mt-1] [I] [TRT] Producer name:    pytorch
[component_container_mt-1] [I] [TRT] Producer version: 1.9
[component_container_mt-1] [I] [TRT] Domain:           
[component_container_mt-1] [I] [TRT] Model version:    0
[component_container_mt-1] [I] [TRT] Doc string:       
[component_container_mt-1] [I] [TRT] ----------------------------------------------------------------
[component_container_mt-1] [W] [TRT] Engine is not initialized. Retrieving data from network
[component_container_mt-1] [I] [TRT] Setting optimization profile for tensor: input_features {min [40000, 32, 9], opt [40000, 32, 9], max [40000, 32, 9]}
[component_container_mt-1] [I] [TRT] Loading engine
[component_container_mt-40] [I] [TRT] Plan was created with TensorRT 10.8.0
[component_container_mt-1] [I] [TRT] Plan was created with TensorRT 10.8.0
[component_container_mt-1] [WARN] [1787493242.914022281] [sensing.lidar.concatenate_data]: transformed_raw_points[/sensing/lidar/right/pointcloud_before_sync] is nullptr, skipping pointcloud publish.
[component_container_mt-1] [WARN] [1787493242.914088281] [sensing.lidar.concatenate_data]: transformed_raw_points[/sensing/lidar/top/pointcloud_before_sync] is nullptr, skipping pointcloud publish.
[component_container_mt-1] [I] [TRT] Loaded engine size: 17 MiB
[component_container_mt-1] [I] [TRT] [MemUsageChange] TensorRT-managed allocation in IExecutionContext creation: CPU +0, GPU +217, now: CPU 0, GPU 234 (MiB)
[component_container_mt-40] [I] [TRT] Loaded engine size: 21 MiB
[component_container_mt-1] [I] [TRT] Network validation
[component_container_mt-1] [I] [TRT] Engine setup completed
[component_container_mt-1] [I] [TRT] Setting optimization profile for tensor: spatial_features {min [1, 32, 480, 480], opt [1, 32, 480, 480], max [1, 32, 480, 480]}
[component_container_mt-1] [I] [TRT] Setting optimization profile for tensor: vel {min [1, 2, 240, 240], opt [1, 2, 240, 240], max [1, 2, 240, 240]}
[component_container_mt-1] [I] [TRT] Setting optimization profile for tensor: rot {min [1, 2, 240, 240], opt [1, 2, 240, 240], max [1, 2, 240, 240]}
[component_container_mt-1] [I] [TRT] Setting optimization profile for tensor: dim {min [1, 3, 240, 240], opt [1, 3, 240, 240], max [1, 3, 240, 240]}
[component_container_mt-1] [I] [TRT] Setting optimization profile for tensor: height {min [1, 1, 240, 240], opt [1, 1, 240, 240], max [1, 1, 240, 240]}
[component_container_mt-1] [I] [TRT] Setting optimization profile for tensor: reg {min [1, 2, 240, 240], opt [1, 2, 240, 240], max [1, 2, 240, 240]}
[component_container_mt-1] [I] [TRT] Setting optimization profile for tensor: heatmap {min [1, 5, 240, 240], opt [1, 5, 240, 240], max [1, 5, 240, 240]}
[component_container_mt-1] [I] [TRT] Loading engine
[component_container_mt-1] [W] [TRT] Network IO is empty, skipping validation. It might lead to undefined behavior
[component_container_mt-1] [W] [TRT] Network IO is empty, skipping validation. It might lead to undefined behavior
[component_container_mt-1] [W] [TRT] Engine is not initialized. Retrieving data from network
[component_container_mt-1] [W] [TRT] Engine is not initialized. Retrieving data from network
[component_container_mt-1] [W] [TRT] Engine is not initialized. Retrieving data from network
[component_container_mt-1] [W] [TRT] Engine is not initialized. Retrieving data from network
[component_container_mt-1] [W] [TRT] Engine is not initialized. Retrieving data from network
[component_container_mt-1] [W] [TRT] Engine is not initialized. Retrieving data from network
[component_container_mt-1] [W] [TRT] Engine is not initialized. Retrieving data from network
[component_container_mt-1] [I] [TRT] Plan was created with TensorRT 10.8.0
[component_container_mt-1] [I] [TRT] Loaded engine size: 11 MiB
[component_container_mt-1] [I] [TRT] [MemUsageChange] TensorRT-managed allocation in IExecutionContext creation: CPU +0, GPU +58, now: CPU 0, GPU 302 (MiB)
[component_container_mt-1] [I] [TRT] Network validation
[component_container_mt-1] [I] [TRT] Engine setup completed
[component_container_mt-1] [W] [TRT] Network IO is empty, skipping validation. It might lead to undefined behavior
[component_container_mt-1] [W] [TRT] Network IO is empty, skipping validation. It might lead to undefined behavior
[component_container_mt-1] [WARN] [1787493242.985312060] [perception.object_recognition.detection.centerpoint.lidar_centerpoint]: `user_stream` was not set or the legacy default stream was specified for the CudaBlackboardSubscriber of ~/input/pointcloud. This causes process-wide synchronization after the callback executes, which may degrade performance. Moreover, if the subscribed data is consumed on a CUDA stream created with the `cudaStreamNonBlocking` flag, this may cause a use-after-free of the pointer. To avoid this, consider the following:
[component_container_mt-1]   - pass the stream to the CudaBlackboardSubscriber's constructor, and/or 
[component_container_mt-1]   - perform proper synchronization on the stream in the callback
[component_container_mt-40] [I] [TRT] [MemUsageChange] TensorRT-managed allocation in IExecutionContext creation: CPU +1, GPU +33, now: CPU 1, GPU 74 (MiB)
[INFO] [launch_ros.actions.load_composable_nodes]: Loaded node '/perception/object_recognition/detection/centerpoint/lidar_centerpoint' in container 'pointcloud_container'
[component_container_mt-40] [I] [TRT] Network validation
[component_container_mt-40] [I] [TRT] Engine setup completed
[component_container_mt-40] [W] [TRT] Network IO is empty, skipping validation. It might lead to undefined behavior
[component_container_mt-40] [W] [TRT] Network IO is empty, skipping validation. It might lead to undefined behavior
[component_container_mt-40] [INFO] [1787493242.998011287] [perception.traffic_light_recognition.traffic_light.detection.traffic_light_fine_detector]: GPU 0 is selected for the inference!
[component_container_mt-1] [INFO] [1787493243.000847147] [pointcloud_container]: Load Library: /root/autoware/install/autoware_probabilistic_occupancy_grid_map/lib/libpointcloud_based_occupancy_grid_map.so
[INFO] [launch_ros.actions.load_composable_nodes]: Loaded node '/perception/traffic_light_recognition/traffic_light/detection/traffic_light_fine_detector' in container '/perception/traffic_light_recognition/traffic_light/traffic_light_node_container'
[component_container_mt-40] [INFO] [1787493243.009550828] [perception.traffic_light_recognition.traffic_light.traffic_light_node_container]: Found class: rclcpp_components::NodeFactoryTemplate<autoware::traffic_light::TrafficLightClassifierNodelet>
[component_container_mt-40] [INFO] [1787493243.009615499] [perception.traffic_light_recognition.traffic_light.traffic_light_node_container]: Instantiate class: rclcpp_components::NodeFactoryTemplate<autoware::traffic_light::TrafficLightClassifierNodelet>
[component_container_mt-1] [INFO] [1787493243.034019628] [pointcloud_container]: Found class: rclcpp_components::NodeFactoryTemplate<autoware::occupancy_grid_map::PointcloudBasedOccupancyGridMapNode>
[component_container_mt-1] [INFO] [1787493243.034067438] [pointcloud_container]: Instantiate class: rclcpp_components::NodeFactoryTemplate<autoware::occupancy_grid_map::PointcloudBasedOccupancyGridMapNode>
[component_container_mt-40] [I] [TRT] The logger passed into createInferRuntime differs from one already provided for an existing builder, runtime, or refitter. Uses of the global logger, returned by nvinfer1::getLogger(), will return the existing value.
[component_container_mt-40] [I] [TRT] The logger passed into createInferBuilder differs from one already provided for an existing builder, runtime, or refitter. Uses of the global logger, returned by nvinfer1::getLogger(), will return the existing value.
[component_container_mt-40] [I] [TRT] ----------------------------------------------------------------
[component_container_mt-40] [I] [TRT] Input filename:   /root/autoware_data/ml_models/traffic_light_classifier/ped_traffic_light_classifier_mobilenetv2_batch_6.onnx
[component_container_mt-40] [I] [TRT] ONNX IR version:  0.0.9
[component_container_mt-40] [I] [TRT] Opset version:    11
[component_container_mt-40] [I] [TRT] Producer name:    pytorch
[component_container_mt-40] [I] [TRT] Producer version: 1.13.1
[component_container_mt-40] [I] [TRT] Domain:           
[component_container_mt-40] [I] [TRT] Model version:    0
[component_container_mt-40] [I] [TRT] Doc string:       
[component_container_mt-40] [I] [TRT] ----------------------------------------------------------------
[component_container_mt-40] [W] [TRT] Engine is not initialized. Retrieving data from network
[component_container_mt-40] [W] [TRT] Engine is not initialized. Retrieving data from network
[component_container_mt-40] [I] [TRT] Setting optimization profile for tensor: input {min [6, 3, 224, 224], opt [6, 3, 224, 224], max [6, 3, 224, 224]}
[component_container_mt-40] [I] [TRT] Loading engine
[INFO] [launch_ros.actions.load_composable_nodes]: Loaded node '/perception/occupancy_grid_map/occupancy_grid_map_node' in container 'pointcloud_container'
[component_container_mt-40] [I] [TRT] Plan was created with TensorRT 10.8.0
[component_container_mt-1] [INFO] [1787493243.147498421] [pointcloud_container]: Load Library: /root/autoware/install/autoware_euclidean_cluster/lib/libautoware_euclidean_cluster_voxel_grid_node_core.so
[component_container_mt-40] [I] [TRT] Loaded engine size: 6 MiB
[component_container_mt-40] [I] [TRT] [MemUsageChange] TensorRT-managed allocation in IExecutionContext creation: CPU +0, GPU +20, now: CPU 1, GPU 98 (MiB)
[component_container_mt-40] [I] [TRT] Network validation
[component_container_mt-40] [I] [TRT] Engine setup completed
[component_container_mt-40] [W] [TRT] Network IO is empty, skipping validation. It might lead to undefined behavior
[component_container_mt-40] [W] [TRT] Network IO is empty, skipping validation. It might lead to undefined behavior
[INFO] [launch_ros.actions.load_composable_nodes]: Loaded node '/perception/traffic_light_recognition/traffic_light/classification/pedestrian_traffic_light_classifier' in container '/perception/traffic_light_recognition/traffic_light/traffic_light_node_container'
[component_container_mt-40] [INFO] [1787493243.167746355] [perception.traffic_light_recognition.traffic_light.traffic_light_node_container]: Load Library: /root/autoware/install/autoware_traffic_light_visualization/lib/libtraffic_light_roi_visualizer.so
[component_container_mt-40] [INFO] [1787493243.170080633] [perception.traffic_light_recognition.traffic_light.traffic_light_node_container]: Found class: rclcpp_components::NodeFactoryTemplate<autoware::traffic_light::TrafficLightRoiVisualizerNode>
[component_container_mt-40] [INFO] [1787493243.170104303] [perception.traffic_light_recognition.traffic_light.traffic_light_node_container]: Instantiate class: rclcpp_components::NodeFactoryTemplate<autoware::traffic_light::TrafficLightRoiVisualizerNode>
[component_container_mt-60] [WARN] [1787493243.174125938] [control.autoware_operation_mode_transition_manager]: Subscribed control_cmd is timed out.
[component_container_mt-1] [INFO] [1787493243.197590363] [pointcloud_container]: Found class: rclcpp_components::NodeFactoryTemplate<autoware::euclidean_cluster::VoxelGridBasedEuclideanClusterNode>
[component_container_mt-1] [INFO] [1787493243.197646993] [pointcloud_container]: Instantiate class: rclcpp_components::NodeFactoryTemplate<autoware::euclidean_cluster::VoxelGridBasedEuclideanClusterNode>
[INFO] [launch_ros.actions.load_composable_nodes]: Loaded node '/perception/traffic_light_recognition/traffic_light/traffic_light_roi_visualizer' in container '/perception/traffic_light_recognition/traffic_light/traffic_light_node_container'
[INFO] [launch_ros.actions.load_composable_nodes]: Loaded node '/perception/object_recognition/detection/clustering/euclidean_cluster' in container 'pointcloud_container'
[component_container_mt-1] [INFO] [1787493243.275346216] [pointcloud_container]: Found class: rclcpp_components::NodeFactoryTemplate<autoware::pointcloud_preprocessor::ApproximateDownsampleFilterComponent>
[component_container_mt-1] [INFO] [1787493243.275406047] [pointcloud_container]: Found class: rclcpp_components::NodeFactoryTemplate<autoware::pointcloud_preprocessor::BlockageDiagComponent>
[component_container_mt-1] [INFO] [1787493243.275420747] [pointcloud_container]: Found class: rclcpp_components::NodeFactoryTemplate<autoware::pointcloud_preprocessor::CropBoxFilterComponent>
[component_container_mt-1] [INFO] [1787493243.275429637] [pointcloud_container]: Found class: rclcpp_components::NodeFactoryTemplate<autoware::pointcloud_preprocessor::DistortionCorrectorComponent>
[component_container_mt-1] [INFO] [1787493243.275437717] [pointcloud_container]: Found class: rclcpp_components::NodeFactoryTemplate<autoware::pointcloud_preprocessor::DualReturnOutlierFilterComponent>
[component_container_mt-1] [INFO] [1787493243.275446317] [pointcloud_container]: Found class: rclcpp_components::NodeFactoryTemplate<autoware::pointcloud_preprocessor::Lanelet2MapFilterComponent>
[component_container_mt-1] [INFO] [1787493243.275454187] [pointcloud_container]: Found class: rclcpp_components::NodeFactoryTemplate<autoware::pointcloud_preprocessor::PassThroughFilterComponent>
[component_container_mt-1] [INFO] [1787493243.275462037] [pointcloud_container]: Found class: rclcpp_components::NodeFactoryTemplate<autoware::pointcloud_preprocessor::PassThroughFilterUInt16Component>
[component_container_mt-1] [INFO] [1787493243.275469557] [pointcloud_container]: Found class: rclcpp_components::NodeFactoryTemplate<autoware::pointcloud_preprocessor::PickupBasedVoxelGridDownsampleFilterComponent>
[component_container_mt-1] [INFO] [1787493243.275477027] [pointcloud_container]: Found class: rclcpp_components::NodeFactoryTemplate<autoware::pointcloud_preprocessor::PointCloudConcatenateDataSynchronizerComponent>
[component_container_mt-1] [INFO] [1787493243.275484767] [pointcloud_container]: Found class: rclcpp_components::NodeFactoryTemplate<autoware::pointcloud_preprocessor::PointCloudConcatenationComponent>
[component_container_mt-1] [INFO] [1787493243.275492387] [pointcloud_container]: Found class: rclcpp_components::NodeFactoryTemplate<autoware::pointcloud_preprocessor::PointCloudDataSynchronizerComponent>
[component_container_mt-1] [INFO] [1787493243.275500357] [pointcloud_container]: Found class: rclcpp_components::NodeFactoryTemplate<autoware::pointcloud_preprocessor::PointCloudDensifierNode>
[component_container_mt-1] [INFO] [1787493243.275508517] [pointcloud_container]: Found class: rclcpp_components::NodeFactoryTemplate<autoware::pointcloud_preprocessor::PointcloudAccumulatorComponent>
[component_container_mt-1] [INFO] [1787493243.275516787] [pointcloud_container]: Found class: rclcpp_components::NodeFactoryTemplate<autoware::pointcloud_preprocessor::PolarVoxelNoiseFilterComponent>
[component_container_mt-1] [INFO] [1787493243.275524887] [pointcloud_container]: Found class: rclcpp_components::NodeFactoryTemplate<autoware::pointcloud_preprocessor::PolarVoxelOutlierFilterComponent>
[component_container_mt-1] [INFO] [1787493243.275533117] [pointcloud_container]: Found class: rclcpp_components::NodeFactoryTemplate<autoware::pointcloud_preprocessor::PolygonRemoverComponent>
[component_container_mt-1] [INFO] [1787493243.275540747] [pointcloud_container]: Found class: rclcpp_components::NodeFactoryTemplate<autoware::pointcloud_preprocessor::RadiusSearch2DOutlierFilterComponent>
[component_container_mt-1] [INFO] [1787493243.275551587] [pointcloud_container]: Found class: rclcpp_components::NodeFactoryTemplate<autoware::pointcloud_preprocessor::RandomDownsampleFilterComponent>
[component_container_mt-1] [INFO] [1787493243.275661158] [pointcloud_container]: Found class: rclcpp_components::NodeFactoryTemplate<autoware::pointcloud_preprocessor::RingOutlierFilterComponent>
[component_container_mt-1] [INFO] [1787493243.275673258] [pointcloud_container]: Found class: rclcpp_components::NodeFactoryTemplate<autoware::pointcloud_preprocessor::VectorMapInsideAreaFilterComponent>
[component_container_mt-1] [INFO] [1787493243.275680868] [pointcloud_container]: Found class: rclcpp_components::NodeFactoryTemplate<autoware::pointcloud_preprocessor::VoxelGridDownsampleFilterComponent>
[component_container_mt-1] [INFO] [1787493243.275688888] [pointcloud_container]: Instantiate class: rclcpp_components::NodeFactoryTemplate<autoware::pointcloud_preprocessor::VoxelGridDownsampleFilterComponent>
[component_container_mt-1] [WARN] [1787493243.279783772] [perception.object_recognition.detection.centerpoint.lidar_centerpoint]: The compatible callback was called. This results in a performance loss. This behavior is probably not intended or a temporal measure
[component_container_mt-1] [WARN] [1787493243.276250680] [sensing.lidar.concatenate_data]: transformed_raw_points[/sensing/lidar/top/pointcloud_before_sync] is nullptr, skipping pointcloud publish.
[component_container_mt-1] [WARN] [1787493243.279977423] [sensing.lidar.concatenate_data]: transformed_raw_points[/sensing/lidar/left/pointcloud_before_sync] is nullptr, skipping pointcloud publish.
[component_container_mt-1] [WARN] [1787493243.303269458] [sensing.lidar.concatenate_data]: transformed_raw_points[/sensing/lidar/right/pointcloud_before_sync] is nullptr, skipping pointcloud publish.
[component_container_mt-1] [WARN] [1787493243.303333468] [sensing.lidar.concatenate_data]: transformed_raw_points[/sensing/lidar/left/pointcloud_before_sync] is nullptr, skipping pointcloud publish.
[INFO] [launch_ros.actions.load_composable_nodes]: Loaded node '/perception/object_recognition/detection/voxel_grid_downsample_filter' in container 'pointcloud_container'
[component_container_mt-1] [INFO] [1787493243.337424462] [pointcloud_container]: Found class: rclcpp_components::NodeFactoryTemplate<autoware::pointcloud_preprocessor::ApproximateDownsampleFilterComponent>
[component_container_mt-1] [INFO] [1787493243.337461322] [pointcloud_container]: Found class: rclcpp_components::NodeFactoryTemplate<autoware::pointcloud_preprocessor::BlockageDiagComponent>
[component_container_mt-1] [INFO] [1787493243.337472152] [pointcloud_container]: Found class: rclcpp_components::NodeFactoryTemplate<autoware::pointcloud_preprocessor::CropBoxFilterComponent>
[component_container_mt-1] [INFO] [1787493243.337480683] [pointcloud_container]: Found class: rclcpp_components::NodeFactoryTemplate<autoware::pointcloud_preprocessor::DistortionCorrectorComponent>
[component_container_mt-1] [INFO] [1787493243.337490643] [pointcloud_container]: Found class: rclcpp_components::NodeFactoryTemplate<autoware::pointcloud_preprocessor::DualReturnOutlierFilterComponent>
[component_container_mt-1] [INFO] [1787493243.337499353] [pointcloud_container]: Found class: rclcpp_components::NodeFactoryTemplate<autoware::pointcloud_preprocessor::Lanelet2MapFilterComponent>
[component_container_mt-1] [INFO] [1787493243.337508233] [pointcloud_container]: Found class: rclcpp_components::NodeFactoryTemplate<autoware::pointcloud_preprocessor::PassThroughFilterComponent>
[component_container_mt-1] [INFO] [1787493243.337516763] [pointcloud_container]: Found class: rclcpp_components::NodeFactoryTemplate<autoware::pointcloud_preprocessor::PassThroughFilterUInt16Component>
[component_container_mt-1] [INFO] [1787493243.337525113] [pointcloud_container]: Found class: rclcpp_components::NodeFactoryTemplate<autoware::pointcloud_preprocessor::PickupBasedVoxelGridDownsampleFilterComponent>
[component_container_mt-1] [INFO] [1787493243.337532543] [pointcloud_container]: Found class: rclcpp_components::NodeFactoryTemplate<autoware::pointcloud_preprocessor::PointCloudConcatenateDataSynchronizerComponent>
[component_container_mt-1] [INFO] [1787493243.337539303] [pointcloud_container]: Found class: rclcpp_components::NodeFactoryTemplate<autoware::pointcloud_preprocessor::PointCloudConcatenationComponent>
[component_container_mt-1] [INFO] [1787493243.337546373] [pointcloud_container]: Found class: rclcpp_components::NodeFactoryTemplate<autoware::pointcloud_preprocessor::PointCloudDataSynchronizerComponent>
[component_container_mt-1] [INFO] [1787493243.337553963] [pointcloud_container]: Found class: rclcpp_components::NodeFactoryTemplate<autoware::pointcloud_preprocessor::PointCloudDensifierNode>
[component_container_mt-1] [INFO] [1787493243.337561863] [pointcloud_container]: Found class: rclcpp_components::NodeFactoryTemplate<autoware::pointcloud_preprocessor::PointcloudAccumulatorComponent>
[component_container_mt-1] [INFO] [1787493243.337570333] [pointcloud_container]: Found class: rclcpp_components::NodeFactoryTemplate<autoware::pointcloud_preprocessor::PolarVoxelNoiseFilterComponent>
[component_container_mt-1] [INFO] [1787493243.337578113] [pointcloud_container]: Found class: rclcpp_components::NodeFactoryTemplate<autoware::pointcloud_preprocessor::PolarVoxelOutlierFilterComponent>
[component_container_mt-1] [INFO] [1787493243.337586053] [pointcloud_container]: Found class: rclcpp_components::NodeFactoryTemplate<autoware::pointcloud_preprocessor::PolygonRemoverComponent>
[component_container_mt-1] [INFO] [1787493243.337593883] [pointcloud_container]: Found class: rclcpp_components::NodeFactoryTemplate<autoware::pointcloud_preprocessor::RadiusSearch2DOutlierFilterComponent>
[component_container_mt-1] [INFO] [1787493243.337601763] [pointcloud_container]: Found class: rclcpp_components::NodeFactoryTemplate<autoware::pointcloud_preprocessor::RandomDownsampleFilterComponent>
[component_container_mt-1] [INFO] [1787493243.337630903] [pointcloud_container]: Found class: rclcpp_components::NodeFactoryTemplate<autoware::pointcloud_preprocessor::RingOutlierFilterComponent>
[component_container_mt-1] [INFO] [1787493243.337640003] [pointcloud_container]: Found class: rclcpp_components::NodeFactoryTemplate<autoware::pointcloud_preprocessor::VectorMapInsideAreaFilterComponent>
[component_container_mt-1] [INFO] [1787493243.337648023] [pointcloud_container]: Found class: rclcpp_components::NodeFactoryTemplate<autoware::pointcloud_preprocessor::VoxelGridDownsampleFilterComponent>
[component_container_mt-1] [INFO] [1787493243.337655473] [pointcloud_container]: Instantiate class: rclcpp_components::NodeFactoryTemplate<autoware::pointcloud_preprocessor::VoxelGridDownsampleFilterComponent>
[component_container_mt-54] [INFO] [1787493243.381709143] [planning.scenario_planning.lane_driving.behavior_planning.behavior_path_planner]: waiting for route
[component_container_mt-54] [INFO] [1787493243.381782454] [planning.scenario_planning.lane_driving.behavior_planning.behavior_path_planner]: waiting for scenario
[component_container_mt-54] [INFO] [1787493243.381803094] [planning.scenario_planning.lane_driving.behavior_planning.behavior_path_planner]: waiting for acceleration
[component_container_mt-54] [INFO] [1787493243.381815994] [planning.scenario_planning.lane_driving.behavior_planning.behavior_path_planner]: waiting for odometry
[INFO] [launch_ros.actions.load_composable_nodes]: Loaded node '/localization/util/voxel_grid_downsample_filter' in container '/pointcloud_container'
[component_container_mt-1] [INFO] [1787493243.407549888] [pointcloud_container]: Load Library: /root/autoware/install/autoware_ground_segmentation/lib/libautoware_ground_segmentation.so
[component_container_mt-1] [INFO] [1787493243.410944710] [pointcloud_container]: Found class: rclcpp_components::NodeFactoryTemplate<autoware::ground_segmentation::RANSACGroundFilterComponent>
[component_container_mt-1] [INFO] [1787493243.410990420] [pointcloud_container]: Found class: rclcpp_components::NodeFactoryTemplate<autoware::ground_segmentation::RayGroundFilterComponent>
[component_container_mt-1] [INFO] [1787493243.410999690] [pointcloud_container]: Found class: rclcpp_components::NodeFactoryTemplate<autoware::ground_segmentation::ScanGroundFilterComponent>
[component_container_mt-1] [INFO] [1787493243.411007620] [pointcloud_container]: Instantiate class: rclcpp_components::NodeFactoryTemplate<autoware::ground_segmentation::ScanGroundFilterComponent>
[component_container_mt-1] [WARN] [1787493243.508762916] [sensing.lidar.concatenate_data]: transformed_raw_points[/sensing/lidar/right/pointcloud_before_sync] is nullptr, skipping pointcloud publish.
[component_container_mt-1] [WARN] [1787493243.508819346] [sensing.lidar.concatenate_data]: transformed_raw_points[/sensing/lidar/top/pointcloud_before_sync] is nullptr, skipping pointcloud publish.
[INFO] [launch_ros.actions.load_composable_nodes]: Loaded node '/perception/obstacle_segmentation/common_ground_filter' in container 'pointcloud_container'
[component_container_mt-1] [INFO] [1787493243.516386564] [pointcloud_container]: Load Library: /root/autoware/install/autoware_compare_map_segmentation/lib/libautoware_compare_map_segmentation.so
[component_container_mt-1] [WARN] [1787493243.596635776] [sensing.lidar.concatenate_data]: transformed_raw_points[/sensing/lidar/top/pointcloud_before_sync] is nullptr, skipping pointcloud publish.
[component_container_mt-1] [WARN] [1787493243.596693166] [sensing.lidar.concatenate_data]: transformed_raw_points[/sensing/lidar/left/pointcloud_before_sync] is nullptr, skipping pointcloud publish.
[component_container_mt-1] [INFO] [1787493243.608903181] [pointcloud_container]: Found class: rclcpp_components::NodeFactoryTemplate<autoware::compare_map_segmentation::CompareElevationMapFilterComponent>
[component_container_mt-1] [INFO] [1787493243.608949531] [pointcloud_container]: Found class: rclcpp_components::NodeFactoryTemplate<autoware::compare_map_segmentation::DistanceBasedCompareMapFilterComponent>
[component_container_mt-1] [INFO] [1787493243.608958161] [pointcloud_container]: Found class: rclcpp_components::NodeFactoryTemplate<autoware::compare_map_segmentation::LaneletElevationFilterComponent>
[component_container_mt-1] [INFO] [1787493243.608964301] [pointcloud_container]: Found class: rclcpp_components::NodeFactoryTemplate<autoware::compare_map_segmentation::VoxelBasedApproximateCompareMapFilterComponent>
[component_container_mt-1] [INFO] [1787493243.608972361] [pointcloud_container]: Found class: rclcpp_components::NodeFactoryTemplate<autoware::compare_map_segmentation::VoxelBasedCompareMapFilterComponent>
[component_container_mt-1] [INFO] [1787493243.608980711] [pointcloud_container]: Instantiate class: rclcpp_components::NodeFactoryTemplate<autoware::compare_map_segmentation::VoxelBasedCompareMapFilterComponent>
[component_container_mt-1] [INFO] [1787493243.698317816] [perception.object_recognition.detection.voxel_based_compare_map_filter]: VoxelGridDynamicMapLoader initialized.
[component_container_mt-1] 
[component_container_mt-1] [INFO] [1787493243.704349068] [perception.object_recognition.detection.voxel_based_compare_map_filter]: tf_map_input_frame: map
[INFO] [launch_ros.actions.load_composable_nodes]: Loaded node '/perception/object_recognition/detection/voxel_based_compare_map_filter' in container 'pointcloud_container'
[component_container_mt-1] [INFO] [1787493243.709753098] [pointcloud_container]: Found class: rclcpp_components::NodeFactoryTemplate<autoware::pointcloud_preprocessor::ApproximateDownsampleFilterComponent>
[component_container_mt-1] [INFO] [1787493243.709790288] [pointcloud_container]: Found class: rclcpp_components::NodeFactoryTemplate<autoware::pointcloud_preprocessor::BlockageDiagComponent>
[component_container_mt-1] [INFO] [1787493243.709828608] [pointcloud_container]: Found class: rclcpp_components::NodeFactoryTemplate<autoware::pointcloud_preprocessor::CropBoxFilterComponent>
[component_container_mt-1] [INFO] [1787493243.709839108] [pointcloud_container]: Found class: rclcpp_components::NodeFactoryTemplate<autoware::pointcloud_preprocessor::DistortionCorrectorComponent>
[component_container_mt-1] [INFO] [1787493243.709844978] [pointcloud_container]: Found class: rclcpp_components::NodeFactoryTemplate<autoware::pointcloud_preprocessor::DualReturnOutlierFilterComponent>
[component_container_mt-1] [INFO] [1787493243.709850198] [pointcloud_container]: Found class: rclcpp_components::NodeFactoryTemplate<autoware::pointcloud_preprocessor::Lanelet2MapFilterComponent>
[component_container_mt-1] [INFO] [1787493243.709855528] [pointcloud_container]: Found class: rclcpp_components::NodeFactoryTemplate<autoware::pointcloud_preprocessor::PassThroughFilterComponent>
[component_container_mt-1] [INFO] [1787493243.709860328] [pointcloud_container]: Found class: rclcpp_components::NodeFactoryTemplate<autoware::pointcloud_preprocessor::PassThroughFilterUInt16Component>
[component_container_mt-1] [INFO] [1787493243.709865078] [pointcloud_container]: Found class: rclcpp_components::NodeFactoryTemplate<autoware::pointcloud_preprocessor::PickupBasedVoxelGridDownsampleFilterComponent>
[component_container_mt-1] [INFO] [1787493243.709869748] [pointcloud_container]: Found class: rclcpp_components::NodeFactoryTemplate<autoware::pointcloud_preprocessor::PointCloudConcatenateDataSynchronizerComponent>
[component_container_mt-1] [INFO] [1787493243.709874608] [pointcloud_container]: Found class: rclcpp_components::NodeFactoryTemplate<autoware::pointcloud_preprocessor::PointCloudConcatenationComponent>
[component_container_mt-1] [INFO] [1787493243.709879418] [pointcloud_container]: Found class: rclcpp_components::NodeFactoryTemplate<autoware::pointcloud_preprocessor::PointCloudDataSynchronizerComponent>
[component_container_mt-1] [INFO] [1787493243.709884118] [pointcloud_container]: Found class: rclcpp_components::NodeFactoryTemplate<autoware::pointcloud_preprocessor::PointCloudDensifierNode>
[component_container_mt-1] [INFO] [1787493243.709889058] [pointcloud_container]: Found class: rclcpp_components::NodeFactoryTemplate<autoware::pointcloud_preprocessor::PointcloudAccumulatorComponent>
[component_container_mt-1] [INFO] [1787493243.709894148] [pointcloud_container]: Found class: rclcpp_components::NodeFactoryTemplate<autoware::pointcloud_preprocessor::PolarVoxelNoiseFilterComponent>
[component_container_mt-1] [INFO] [1787493243.709899008] [pointcloud_container]: Found class: rclcpp_components::NodeFactoryTemplate<autoware::pointcloud_preprocessor::PolarVoxelOutlierFilterComponent>
[component_container_mt-1] [INFO] [1787493243.709903578] [pointcloud_container]: Found class: rclcpp_components::NodeFactoryTemplate<autoware::pointcloud_preprocessor::PolygonRemoverComponent>
[component_container_mt-1] [INFO] [1787493243.709908348] [pointcloud_container]: Found class: rclcpp_components::NodeFactoryTemplate<autoware::pointcloud_preprocessor::RadiusSearch2DOutlierFilterComponent>
[component_container_mt-1] [INFO] [1787493243.709912948] [pointcloud_container]: Found class: rclcpp_components::NodeFactoryTemplate<autoware::pointcloud_preprocessor::RandomDownsampleFilterComponent>
[component_container_mt-1] [INFO] [1787493243.709917588] [pointcloud_container]: Instantiate class: rclcpp_components::NodeFactoryTemplate<autoware::pointcloud_preprocessor::RandomDownsampleFilterComponent>
[INFO] [launch_ros.actions.load_composable_nodes]: Loaded node '/localization/util/random_downsample_filter' in container '/pointcloud_container'
[component_container_mt-1] [INFO] [1787493243.767655869] [pointcloud_container]: Load Library: /root/autoware/install/autoware_occupancy_grid_map_outlier_filter/lib/libautoware_occupancy_grid_map_outlier_filter.so
[component_container_mt-1] [INFO] [1787493243.769476125] [pointcloud_container]: Found class: rclcpp_components::NodeFactoryTemplate<autoware::occupancy_grid_map_outlier_filter::OccupancyGridMapOutlierFilterComponent>
[component_container_mt-1] [INFO] [1787493243.769501795] [pointcloud_container]: Instantiate class: rclcpp_components::NodeFactoryTemplate<autoware::occupancy_grid_map_outlier_filter::OccupancyGridMapOutlierFilterComponent>
[component_container-8] [INFO] [1787493243.770816390] [system.topic_state_monitor_transform_map_to_base_link]: /tf has not received. Set ERROR in diagnostics.
[component_container_mt-60] [INFO] [1787493243.770948261] [control.vehicle_cmd_gate]: The operation mode is changed, but the GearCommand is not received yet:
[component_container_mt-1] [WARN] [1787493243.801100700] [lidar_centerpoint]: Could not find a connection between 'base_link' and 'map' because they are not part of the same tree.Tf has two or more unconnected trees.
[component_container_mt-1] [WARN] [1787493243.801153401] [lidar_centerpoint]: Fail to preprocess and skip to detect.
[INFO] [launch_ros.actions.load_composable_nodes]: Loaded node '/perception/obstacle_segmentation/occupancy_grid_based_outlier_filter' in container 'pointcloud_container'
[component_container_mt-1] [WARN] [1787493244.038524735] [sensing.lidar.concatenate_data]: transformed_raw_points[/sensing/lidar/right/pointcloud_before_sync] is nullptr, skipping pointcloud publish.
[component_container_mt-1] [WARN] [1787493244.146016257] [perception.occupancy_grid_map.occupancy_grid_map_node]: Could not find a connection between 'map' and 'base_link' because they are not part of the same tree.Tf has two or more unconnected trees.
[component_container_mt-1] [WARN] [1787493244.308108408] [sensing.lidar.concatenate_data]: transformed_raw_points[/sensing/lidar/top/pointcloud_before_sync] is nullptr, skipping pointcloud publish.
[component_container_mt-1] [WARN] [1787493244.308175868] [sensing.lidar.concatenate_data]: transformed_raw_points[/sensing/lidar/left/pointcloud_before_sync] is nullptr, skipping pointcloud publish.
[component_container_mt-1] [WARN] [1787493244.311782472] [lidar_centerpoint]: Could not find a connection between 'base_link' and 'map' because they are not part of the same tree.Tf has two or more unconnected trees.
[component_container_mt-1] [WARN] [1787493244.311816342] [lidar_centerpoint]: Fail to preprocess and skip to detect.
[component_container_mt-48] [INFO] [1787493244.363666211] [planning.mission_planning.mission_planner]: waiting odometry... Route API is not ready.
[component_container_mt-1] [WARN] [1787493244.409715249] [sensing.lidar.concatenate_data]: transformed_raw_points[/sensing/lidar/right/pointcloud_before_sync] is nullptr, skipping pointcloud publish.
[component_container_mt-1] [WARN] [1787493244.409792879] [sensing.lidar.concatenate_data]: transformed_raw_points[/sensing/lidar/left/pointcloud_before_sync] is nullptr, skipping pointcloud publish.
[component_container_mt-1] [WARN] [1787493244.553775214] [sensing.lidar.concatenate_data]: transformed_raw_points[/sensing/lidar/top/pointcloud_before_sync] is nullptr, skipping pointcloud publish.
[autoware_scenario_selector_node-50] [INFO] [1787493244.607871331] [planning.scenario_planning.scenario_selector]: Waiting for current pose.
[component_container_mt-1] [WARN] [1787493244.651553351] [sensing.lidar.concatenate_data]: transformed_raw_points[/sensing/lidar/right/pointcloud_before_sync] is nullptr, skipping pointcloud publish.
[component_container_mt-1] [WARN] [1787493244.651626771] [sensing.lidar.concatenate_data]: transformed_raw_points[/sensing/lidar/left/pointcloud_before_sync] is nullptr, skipping pointcloud publish.
[component_container_mt-1] [WARN] [1787493244.653960749] [perception.occupancy_grid_map.occupancy_grid_map_node]: Could not find a connection between 'map' and 'base_link' because they are not part of the same tree.Tf has two or more unconnected trees.
[component_container-8] [WARN] [1787493244.705942169] [system.topic_state_monitor_control_command_control_cmd]: /control/command/control_cmd topic is timeout. Set ERROR in diagnostics.
[autoware_ekf_localizer_node-29] [WARN] [1787493244.780364260] [localization.pose_twist_fusion_filter.ekf_localizer]: The node is not activated. Provide initial pose to pose_initializer
[component_container_mt-1] [WARN] [1787493244.848042707] [sensing.lidar.concatenate_data]: transformed_raw_points[/sensing/lidar/right/pointcloud_before_sync] is nullptr, skipping pointcloud publish.
[component_container_mt-1] [WARN] [1787493244.848149648] [sensing.lidar.concatenate_data]: transformed_raw_points[/sensing/lidar/left/pointcloud_before_sync] is nullptr, skipping pointcloud publish.
[component_container_mt-1] [WARN] [1787493244.852231572] [lidar_centerpoint]: Could not find a connection between 'base_link' and 'map' because they are not part of the same tree.Tf has two or more unconnected trees.
[component_container_mt-1] [WARN] [1787493244.852271533] [lidar_centerpoint]: Fail to preprocess and skip to detect.
[component_container_mt-1] [WARN] [1787493244.939485451] [sensing.lidar.concatenate_data]: transformed_raw_points[/sensing/lidar/left/pointcloud_before_sync] is nullptr, skipping pointcloud publish.
[component_container_mt-1] [WARN] [1787493245.037466488] [sensing.lidar.concatenate_data]: transformed_raw_points[/sensing/lidar/left/pointcloud_before_sync] is nullptr, skipping pointcloud publish.
[component_container_mt-1] [WARN] [1787493245.166051408] [perception.occupancy_grid_map.occupancy_grid_map_node]: Could not find a connection between 'map' and 'base_link' because they are not part of the same tree.Tf has two or more unconnected trees.
[component_container_mt-1] [WARN] [1787493245.360962610] [lidar_centerpoint]: Could not find a connection between 'base_link' and 'map' because they are not part of the same tree.Tf has two or more unconnected trees.
[component_container_mt-1] [WARN] [1787493245.360999060] [lidar_centerpoint]: Fail to preprocess and skip to detect.
[logging_node-15] [WARN] [1787493245.389292544] [logging_diag_graph]: The target mode is not available for the following reasons:
[logging_node-15] - /autoware/modes/autonomous ERROR
[logging_node-15]     - /autoware/localization ERROR
[logging_node-15]         - /autoware/localization/state ERROR
[logging_node-15]         - [anonymous group] ERROR
[logging_node-15]             - /autoware/localization/topic_rate_check/transform ERROR
[logging_node-15]             - /autoware/localization/topic_rate_check/pose_twist_fusion ERROR
[logging_node-15]             - /autoware/localization/scan_matching_status STALE
[logging_node-15]             - /autoware/localization/accuracy STALE
[logging_node-15]             - /autoware/localization/sensor_fusion_status WARN 
[logging_node-15]     - /autoware/planning ERROR
[logging_node-15]         - /autoware/planning/routing/state ERROR
[logging_node-15]         - [anonymous group] ERROR
[logging_node-15]             - /autoware/planning/topic_rate_check/route ERROR
[logging_node-15]             - /autoware/planning/topic_rate_check/trajectory ERROR
[logging_node-15]             - /autoware/planning/trajectory_validation ERROR
[logging_node-15]     - /autoware/perception ERROR
[logging_node-15]         - /autoware/perception/topic_rate_check/pointcloud ERROR
[logging_node-15]     - /autoware/control ERROR
[logging_node-15]         - /autoware/control/topic_rate_check/trajectory_follower ERROR
[logging_node-15]         - /autoware/control/topic_rate_check/control_command ERROR
[logging_node-15]         - /autoware/control/performance_monitoring/control_state STALE
[logging_node-15] 
[component_container_mt-1] [WARN] [1787493245.437171248] [sensing.lidar.concatenate_data]: transformed_raw_points[/sensing/lidar/left/pointcloud_before_sync] is nullptr, skipping pointcloud publish.
[component_container_mt-1] [WARN] [1787493245.547627272] [sensing.lidar.concatenate_data]: transformed_raw_points[/sensing/lidar/right/pointcloud_before_sync] is nullptr, skipping pointcloud publish.
[component_container_mt-1] [WARN] [1787493245.547692332] [sensing.lidar.concatenate_data]: transformed_raw_points[/sensing/lidar/left/pointcloud_before_sync] is nullptr, skipping pointcloud publish.
[component_container_mt-1] [WARN] [1787493245.640966933] [sensing.lidar.concatenate_data]: transformed_raw_points[/sensing/lidar/left/pointcloud_before_sync] is nullptr, skipping pointcloud publish.
[component_container_mt-1] [WARN] [1787493245.669473847] [perception.occupancy_grid_map.occupancy_grid_map_node]: Could not find a connection between 'map' and 'base_link' because they are not part of the same tree.Tf has two or more unconnected trees.
[component_container_mt-1] [WARN] [1787493245.698162402] [sensing.lidar.concatenate_data]: transformed_raw_points[/sensing/lidar/left/pointcloud_before_sync] is nullptr, skipping pointcloud publish.
[component_container_mt-1] [WARN] [1787493245.800625206] [sensing.lidar.concatenate_data]: transformed_raw_points[/sensing/lidar/left/pointcloud_before_sync] is nullptr, skipping pointcloud publish.
[component_container_mt-1] [WARN] [1787493245.858215967] [lidar_centerpoint]: Could not find a connection between 'base_link' and 'map' because they are not part of the same tree.Tf has two or more unconnected trees.
[component_container_mt-1] [WARN] [1787493245.858264087] [lidar_centerpoint]: Fail to preprocess and skip to detect.
[traffic_light_map_based_detector_node-39] [WARN] [1787493245.946419459] [perception.traffic_light_recognition.traffic_light.detection.traffic_light_map_based_detector]: failed to get transform from map frame to camera frame
[component_container_mt-60] [INFO] [1787493246.030911738] [control.trajectory_follower.controller_node_exe]: Waiting for acceleration data
[component_container_mt-60] [INFO] [1787493246.030988148] [control.trajectory_follower.controller_node_exe]: Control is skipped since input data is not ready.
[component_container_mt-56] [ERROR] [1787493246.064396590] [planning.scenario_planning.parking.costmap_generator]: Could not find a connection between 'map' and 'base_link' because they are not part of the same tree.Tf has two or more unconnected trees.
[autoware_ndt_scan_matcher_node-25] [WARN] [1787493246.124551320] [localization.pose_estimator.ndt_scan_matcher]: No InputSource. Please check the input lidar topic
[service_log_checker_node-7] [ERROR] [1787493246.126402727] [system.service_log_checker]: /api/localization/initialize: status code 4 'align server failed.' (/localization/util/default_adapi/helpers/autoware_automatic_pose_initializer)
[component_container_mt-1] [WARN] [1787493246.186226256] [perception.occupancy_grid_map.occupancy_grid_map_node]: Could not find a connection between 'map' and 'base_link' because they are not part of the same tree.Tf has two or more unconnected trees.
[component_container_mt-1] [WARN] [1787493246.209492131] [sensing.lidar.concatenate_data]: transformed_raw_points[/sensing/lidar/left/pointcloud_before_sync] is nullptr, skipping pointcloud publish.
[component_container_mt-60] [WARN] [1787493246.263200648] [control.autoware_operation_mode_transition_manager]: Subscribed control_cmd is timed out.
[component_container_mt-1] [WARN] [1787493246.353272367] [sensing.lidar.concatenate_data]: transformed_raw_points[/sensing/lidar/top/pointcloud_before_sync] is nullptr, skipping pointcloud publish.
[component_container_mt-1] [WARN] [1787493246.368534363] [lidar_centerpoint]: Could not find a connection between 'base_link' and 'map' because they are not part of the same tree.Tf has two or more unconnected trees.
[component_container_mt-1] [WARN] [1787493246.368572223] [lidar_centerpoint]: Fail to preprocess and skip to detect.
[component_container_mt-61] [INFO] [1787493246.472434153] [control.trajectory_follower.lane_departure_checker_node]: waiting for current_twist msg...
[component_container_mt-1] [WARN] [1787493246.707440833] [perception.occupancy_grid_map.occupancy_grid_map_node]: Could not find a connection between 'map' and 'base_link' because they are not part of the same tree.Tf has two or more unconnected trees.
[component_container-8] [INFO] [1787493246.791749022] [system.topic_state_monitor_pose_twist_fusion_filter_pose]: /localization/pose_twist_fusion_filter/pose has not received. Set ERROR in diagnostics.
[autoware_ekf_localizer_node-29] [WARN] [1787493246.793187637] [localization.pose_twist_fusion_filter.ekf_localizer]: The node is not activated. Provide initial pose to pose_initializer
[component_container_mt-1] [WARN] [1787493246.869493166] [lidar_centerpoint]: Could not find a connection between 'base_link' and 'map' because they are not part of the same tree.Tf has two or more unconnected trees.
[component_container_mt-1] [WARN] [1787493246.869516316] [lidar_centerpoint]: Fail to preprocess and skip to detect.
[component_container_mt-61] [INFO] [1787493247.035162823] [control.collision_detector]: waiting for current odometry...
[component_container_mt-61] [INFO] [1787493247.035285563] [control.autonomous_emergency_braking]: [AEB] waiting for object pointcloud message
[autoware_pose_initializer_node-27] [INFO] [1787493247.148636119] [localization.util.pose_initializer]: EKF triggering service is available!
[autoware_pose_initializer_node-27] [INFO] [1787493247.148912040] [localization.util.pose_initializer]: EKF Deactivation succeeded
[autoware_pose_initializer_node-27] [INFO] [1787493247.149018850] [localization.util.pose_initializer]: NDT triggering service is available!
[autoware_pose_initializer_node-27] [INFO] [1787493247.149342721] [localization.util.pose_initializer]: NDT Deactivation succeeded
[autoware_pose_initializer_node-27] [INFO] [1787493247.149368771] [localization.util.pose_initializer]: fit_target: pointcloud_map, frame: map
[component_container_mt-1] [WARN] [1787493247.204770024] [perception.occupancy_grid_map.occupancy_grid_map_node]: Could not find a connection between 'map' and 'base_link' because they are not part of the same tree.Tf has two or more unconnected trees.
[component_container_mt-1] [WARN] [1787493247.377522768] [lidar_centerpoint]: Could not find a connection between 'base_link' and 'map' because they are not part of the same tree.Tf has two or more unconnected trees.
[component_container_mt-1] [WARN] [1787493247.377567308] [lidar_centerpoint]: Fail to preprocess and skip to detect.
[component_container_mt-1] [WARN] [1787493247.446824572] [sensing.lidar.concatenate_data]: transformed_raw_points[/sensing/lidar/right/pointcloud_before_sync] is nullptr, skipping pointcloud publish.
[component_container_mt-1] [WARN] [1787493247.446942032] [sensing.lidar.concatenate_data]: transformed_raw_points[/sensing/lidar/left/pointcloud_before_sync] is nullptr, skipping pointcloud publish.
[component_container_mt-1] [WARN] [1787493247.598958209] [sensing.lidar.concatenate_data]: transformed_raw_points[/sensing/lidar/left/pointcloud_before_sync] is nullptr, skipping pointcloud publish.
[component_container_mt-1] [WARN] [1787493247.733911584] [sensing.lidar.concatenate_data]: transformed_raw_points[/sensing/lidar/right/pointcloud_before_sync] is nullptr, skipping pointcloud publish.
[component_container_mt-1] [WARN] [1787493247.734321775] [perception.occupancy_grid_map.occupancy_grid_map_node]: Could not find a connection between 'map' and 'base_link' because they are not part of the same tree.Tf has two or more unconnected trees.
[component_container-8] [WARN] [1787493247.787549831] [system.topic_state_monitor_control_command_control_cmd]: /control/command/control_cmd topic is timeout. Set ERROR in diagnostics.
[component_container_mt-1] [WARN] [1787493247.887845348] [lidar_centerpoint]: Could not find a connection between 'base_link' and 'map' because they are not part of the same tree.Tf has two or more unconnected trees.
[component_container_mt-1] [WARN] [1787493247.887881678] [lidar_centerpoint]: Fail to preprocess and skip to detect.
[component_container_mt-1] [WARN] [1787493247.910815702] [sensing.lidar.concatenate_data]: transformed_raw_points[/sensing/lidar/left/pointcloud_before_sync] is nullptr, skipping pointcloud publish.
[component_container_mt-1] [WARN] [1787493247.998016142] [sensing.lidar.concatenate_data]: transformed_raw_points[/sensing/lidar/right/pointcloud_before_sync] is nullptr, skipping pointcloud publish.
[component_container_mt-1] [WARN] [1787493247.998073562] [sensing.lidar.concatenate_data]: transformed_raw_points[/sensing/lidar/left/pointcloud_before_sync] is nullptr, skipping pointcloud publish.
[component_container_mt-1] [WARN] [1787493248.243355793] [perception.occupancy_grid_map.occupancy_grid_map_node]: Could not find a connection between 'map' and 'base_link' because they are not part of the same tree.Tf has two or more unconnected trees.
[component_container_mt-54] [INFO] [1787493248.386987800] [planning.scenario_planning.lane_driving.behavior_planning.behavior_path_planner]: waiting for route
[component_container_mt-54] [INFO] [1787493248.387056991] [planning.scenario_planning.lane_driving.behavior_planning.behavior_path_planner]: waiting for scenario
[component_container_mt-54] [INFO] [1787493248.387068471] [planning.scenario_planning.lane_driving.behavior_planning.behavior_path_planner]: waiting for acceleration
[component_container_mt-54] [INFO] [1787493248.387079751] [planning.scenario_planning.lane_driving.behavior_planning.behavior_path_planner]: waiting for odometry
[logging_node-15] [WARN] [1787493248.408423089] [logging_diag_graph]: The target mode is not available for the following reasons:
[logging_node-15] - /autoware/modes/autonomous ERROR
[logging_node-15]     - /autoware/localization ERROR
[logging_node-15]         - /autoware/localization/state ERROR
[logging_node-15]         - [anonymous group] ERROR
[logging_node-15]             - /autoware/localization/topic_rate_check/transform ERROR
[logging_node-15]             - /autoware/localization/topic_rate_check/pose_twist_fusion ERROR
[logging_node-15]             - /autoware/localization/scan_matching_status WARN 
[logging_node-15]             - /autoware/localization/accuracy STALE
[logging_node-15]             - /autoware/localization/sensor_fusion_status WARN 
[logging_node-15]     - /autoware/planning ERROR
[logging_node-15]         - /autoware/planning/routing/state ERROR
[logging_node-15]         - [anonymous group] ERROR
[logging_node-15]             - /autoware/planning/topic_rate_check/route ERROR
[logging_node-15]             - /autoware/planning/topic_rate_check/trajectory ERROR
[logging_node-15]             - /autoware/planning/trajectory_validation ERROR
[logging_node-15]     - /autoware/perception ERROR
[logging_node-15]         - /autoware/perception/topic_rate_check/pointcloud ERROR
[logging_node-15]     - /autoware/control ERROR
[logging_node-15]         - /autoware/control/topic_rate_check/trajectory_follower ERROR
[logging_node-15]         - /autoware/control/topic_rate_check/control_command ERROR
[logging_node-15]         - /autoware/control/performance_monitoring/control_state STALE
[logging_node-15] 
[component_container_mt-1] [WARN] [1787493248.416482599] [lidar_centerpoint]: Could not find a connection between 'base_link' and 'map' because they are not part of the same tree.Tf has two or more unconnected trees.
[component_container_mt-1] [WARN] [1787493248.416507659] [lidar_centerpoint]: Fail to preprocess and skip to detect.
[component_container_mt-1] [WARN] [1787493248.545062001] [sensing.lidar.concatenate_data]: transformed_raw_points[/sensing/lidar/top/pointcloud_before_sync] is nullptr, skipping pointcloud publish.
[component_container_mt-1] [WARN] [1787493248.645491920] [sensing.lidar.concatenate_data]: transformed_raw_points[/sensing/lidar/left/pointcloud_before_sync] is nullptr, skipping pointcloud publish.
[component_container_mt-1] [WARN] [1787493248.704969728] [sensing.lidar.concatenate_data]: transformed_raw_points[/sensing/lidar/left/pointcloud_before_sync] is nullptr, skipping pointcloud publish.
[component_container_mt-1] [WARN] [1787493248.762309448] [perception.occupancy_grid_map.occupancy_grid_map_node]: Could not find a connection between 'map' and 'base_link' because they are not part of the same tree.Tf has two or more unconnected trees.
[autoware_ekf_localizer_node-29] [WARN] [1787493248.801187101] [localization.pose_twist_fusion_filter.ekf_localizer]: The node is not activated. Provide initial pose to pose_initializer
[component_container_mt-60] [INFO] [1787493248.801368422] [control.vehicle_cmd_gate]: The operation mode is changed, but the GearCommand is not received yet:
[component_container_mt-1] [WARN] [1787493248.944426397] [lidar_centerpoint]: Could not find a connection between 'base_link' and 'map' because they are not part of the same tree.Tf has two or more unconnected trees.
[component_container_mt-1] [WARN] [1787493248.944468337] [lidar_centerpoint]: Fail to preprocess and skip to detect.
[component_container_mt-1] [WARN] [1787493249.201416262] [sensing.lidar.concatenate_data]: transformed_raw_points[/sensing/lidar/left/pointcloud_before_sync] is nullptr, skipping pointcloud publish.
[component_container_mt-1] [WARN] [1787493249.287172587] [perception.occupancy_grid_map.occupancy_grid_map_node]: Could not find a connection between 'map' and 'base_link' because they are not part of the same tree.Tf has two or more unconnected trees.
[component_container_mt-60] [WARN] [1787493249.345306691] [control.autoware_operation_mode_transition_manager]: Subscribed control_cmd is timed out.
[component_container_mt-1] [WARN] [1787493249.443177001] [lidar_centerpoint]: Could not find a connection between 'base_link' and 'map' because they are not part of the same tree.Tf has two or more unconnected trees.
[component_container_mt-1] [WARN] [1787493249.443214101] [lidar_centerpoint]: Fail to preprocess and skip to detect.
[component_container_mt-48] [INFO] [1787493249.476120802] [planning.mission_planning.mission_planner]: waiting odometry... Route API is not ready.
[component_container_mt-1] [WARN] [1787493249.544243003] [sensing.lidar.concatenate_data]: transformed_raw_points[/sensing/lidar/right/pointcloud_before_sync] is nullptr, skipping pointcloud publish.
[autoware_pose_initializer_node-27] [INFO] [1787493249.569714707] [localization.util.pose_initializer]: Call align server.
[component_container_mt-1] [WARN] [1787493249.644206211] [sensing.lidar.concatenate_data]: transformed_raw_points[/sensing/lidar/top/pointcloud_before_sync] is nullptr, skipping pointcloud publish.
[component_container_mt-1] [WARN] [1787493249.644259951] [sensing.lidar.concatenate_data]: transformed_raw_points[/sensing/lidar/left/pointcloud_before_sync] is nullptr, skipping pointcloud publish.
[autoware_scenario_selector_node-50] [INFO] [1787493249.696471003] [planning.scenario_planning.scenario_selector]: Waiting for current pose.
[component_container_mt-1] [WARN] [1787493249.745748224] [sensing.lidar.concatenate_data]: transformed_raw_points[/sensing/lidar/right/pointcloud_before_sync] is nullptr, skipping pointcloud publish.
[component_container_mt-1] [WARN] [1787493249.745807714] [sensing.lidar.concatenate_data]: transformed_raw_points[/sensing/lidar/left/pointcloud_before_sync] is nullptr, skipping pointcloud publish.
[component_container-8] [INFO] [1787493249.803238045] [system.topic_state_monitor_pose_twist_fusion_filter_pose]: /localization/pose_twist_fusion_filter/pose has not received. Set ERROR in diagnostics.
[component_container_mt-1] [WARN] [1787493249.803967808] [sensing.lidar.concatenate_data]: transformed_raw_points[/sensing/lidar/left/pointcloud_before_sync] is nullptr, skipping pointcloud publish.
[component_container_mt-1] [WARN] [1787493249.806861109] [perception.occupancy_grid_map.occupancy_grid_map_node]: Could not find a connection between 'map' and 'base_link' because they are not part of the same tree.Tf has two or more unconnected trees.
[component_container_mt-1] [WARN] [1787493249.974896607] [lidar_centerpoint]: Could not find a connection between 'base_link' and 'map' because they are not part of the same tree.Tf has two or more unconnected trees.
[component_container_mt-1] [WARN] [1787493249.974938487] [lidar_centerpoint]: Fail to preprocess and skip to detect.
[component_container_mt-1] [WARN] [1787493250.038878272] [sensing.lidar.concatenate_data]: transformed_raw_points[/sensing/lidar/top/pointcloud_before_sync] is nullptr, skipping pointcloud publish.
[component_container_mt-1] [WARN] [1787493250.038939643] [sensing.lidar.concatenate_data]: transformed_raw_points[/sensing/lidar/left/pointcloud_before_sync] is nullptr, skipping pointcloud publish.
[component_container_mt-1] [WARN] [1787493250.190360950] [sensing.lidar.concatenate_data]: transformed_raw_points[/sensing/lidar/right/pointcloud_before_sync] is nullptr, skipping pointcloud publish.
[component_container_mt-1] [WARN] [1787493250.346873107] [sensing.lidar.concatenate_data]: transformed_raw_points[/sensing/lidar/right/pointcloud_before_sync] is nullptr, skipping pointcloud publish.
[component_container_mt-1] [WARN] [1787493250.346925307] [sensing.lidar.concatenate_data]: transformed_raw_points[/sensing/lidar/left/pointcloud_before_sync] is nullptr, skipping pointcloud publish.
[component_container_mt-1] [WARN] [1787493250.354230154] [perception.occupancy_grid_map.occupancy_grid_map_node]: Could not find a connection between 'map' and 'base_link' because they are not part of the same tree.Tf has two or more unconnected trees.
[component_container_mt-1] [WARN] [1787493250.477477188] [lidar_centerpoint]: Could not find a connection between 'base_link' and 'map' because they are not part of the same tree.Tf has two or more unconnected trees.
[component_container_mt-1] [WARN] [1787493250.477582629] [lidar_centerpoint]: Fail to preprocess and skip to detect.
[component_container_mt-1] [WARN] [1787493250.536325985] [sensing.lidar.concatenate_data]: transformed_raw_points[/sensing/lidar/right/pointcloud_before_sync] is nullptr, skipping pointcloud publish.
[component_container_mt-1] [WARN] [1787493250.536380565] [sensing.lidar.concatenate_data]: transformed_raw_points[/sensing/lidar/left/pointcloud_before_sync] is nullptr, skipping pointcloud publish.
[component_container_mt-1] [WARN] [1787493250.737053445] [sensing.lidar.concatenate_data]: transformed_raw_points[/sensing/lidar/left/pointcloud_before_sync] is nullptr, skipping pointcloud publish.
[autoware_mrm_handler_node-14] [INFO] [1787493250.751721429] [system.mrm_handler]: MRM State changed: NORMAL -> MRM_OPERATING
[autoware_mrm_handler_node-14] [WARN] [1787493250.752284831] [system.mrm_handler]: EMERGENCY_STOP is operated.
[component_container_mt-60] [WARN] [1787493250.780349494] [control.vehicle_cmd_gate]: Emergency!
[component_container_mt-61] [INFO] [1787493250.781627029] [control.control_validator]: waiting for /planning/trajectory
[component_container-8] [WARN] [1787493250.806148129] [system.topic_state_monitor_control_command_control_cmd]: /control/command/control_cmd topic rate has dropped to the error level. Set ERROR in diagnostics.
[component_container_mt-1] [WARN] [1787493250.807092223] [sensing.lidar.concatenate_data]: transformed_raw_points[/sensing/lidar/left/pointcloud_before_sync] is nullptr, skipping pointcloud publish.
[autoware_ekf_localizer_node-29] [WARN] [1787493250.859325555] [localization.pose_twist_fusion_filter.ekf_localizer]: The node is not activated. Provide initial pose to pose_initializer
[autoware_mrm_handler_node-14] [INFO] [1787493250.862039585] [system.mrm_handler]: MRM State changed: MRM_OPERATING -> NORMAL
[autoware_mrm_handler_node-14] [WARN] [1787493250.863397660] [system.mrm_handler]: EMERGENCY_STOP is canceled.
[component_container_mt-1] [WARN] [1787493250.868957450] [perception.occupancy_grid_map.occupancy_grid_map_node]: Could not find a connection between 'map' and 'base_link' because they are not part of the same tree.Tf has two or more unconnected trees.
[component_container_mt-1] [WARN] [1787493250.900685787] [sensing.lidar.concatenate_data]: transformed_raw_points[/sensing/lidar/right/pointcloud_before_sync] is nullptr, skipping pointcloud publish.
[component_container_mt-1] [WARN] [1787493250.900733168] [sensing.lidar.concatenate_data]: transformed_raw_points[/sensing/lidar/left/pointcloud_before_sync] is nullptr, skipping pointcloud publish.
[component_container_mt-1] [WARN] [1787493250.989177153] [lidar_centerpoint]: Could not find a connection between 'base_link' and 'map' because they are not part of the same tree.Tf has two or more unconnected trees.
[component_container_mt-1] [WARN] [1787493250.989204303] [lidar_centerpoint]: Fail to preprocess and skip to detect.
[component_container_mt-1] [WARN] [1787493250.996520540] [sensing.lidar.concatenate_data]: transformed_raw_points[/sensing/lidar/right/pointcloud_before_sync] is nullptr, skipping pointcloud publish.
[component_container_mt-1] [WARN] [1787493250.996565541] [sensing.lidar.concatenate_data]: transformed_raw_points[/sensing/lidar/left/pointcloud_before_sync] is nullptr, skipping pointcloud publish.
[component_container_mt-60] [INFO] [1787493251.038081254] [control.trajectory_follower.controller_node_exe]: Waiting for acceleration data
[component_container_mt-60] [INFO] [1787493251.038175754] [control.trajectory_follower.controller_node_exe]: Control is skipped since input data is not ready.
[component_container_mt-56] [ERROR] [1787493251.074561038] [planning.scenario_planning.parking.costmap_generator]: Could not find a connection between 'map' and 'base_link' because they are not part of the same tree.Tf has two or more unconnected trees.
[component_container_mt-1] [WARN] [1787493251.141939777] [sensing.lidar.concatenate_data]: transformed_raw_points[/sensing/lidar/right/pointcloud_before_sync] is nullptr, skipping pointcloud publish.
[component_container_mt-1] [WARN] [1787493251.141989787] [sensing.lidar.concatenate_data]: transformed_raw_points[/sensing/lidar/top/pointcloud_before_sync] is nullptr, skipping pointcloud publish.
[component_container_mt-1] [WARN] [1787493251.355824196] [perception.occupancy_grid_map.occupancy_grid_map_node]: Could not find a connection between 'map' and 'base_link' because they are not part of the same tree.Tf has two or more unconnected trees.
[component_container_mt-61] [INFO] [1787493251.471585873] [control.trajectory_follower.lane_departure_checker_node]: waiting for current_twist msg...
[component_container_mt-1] [WARN] [1787493251.487342202] [lidar_centerpoint]: Could not find a connection between 'base_link' and 'map' because they are not part of the same tree.Tf has two or more unconnected trees.
[component_container_mt-1] [WARN] [1787493251.487368112] [lidar_centerpoint]: Fail to preprocess and skip to detect.
[logging_node-15] [WARN] [1787493251.503112300] [logging_diag_graph]: The target mode is not available for the following reasons:
[logging_node-15] - /autoware/modes/autonomous ERROR
[logging_node-15]     - /autoware/localization ERROR
[logging_node-15]         - /autoware/localization/state ERROR
[logging_node-15]         - [anonymous group] ERROR
[logging_node-15]             - /autoware/localization/topic_rate_check/transform ERROR
[logging_node-15]             - /autoware/localization/topic_rate_check/pose_twist_fusion ERROR
[logging_node-15]             - /autoware/localization/scan_matching_status STALE
[logging_node-15]             - /autoware/localization/accuracy STALE
[logging_node-15]             - /autoware/localization/sensor_fusion_status WARN 
[logging_node-15]     - /autoware/planning ERROR
[logging_node-15]         - /autoware/planning/routing/state ERROR
[logging_node-15]         - [anonymous group] ERROR
[logging_node-15]             - /autoware/planning/topic_rate_check/route ERROR
[logging_node-15]             - /autoware/planning/topic_rate_check/trajectory ERROR
[logging_node-15]     - /autoware/perception ERROR
[logging_node-15]         - /autoware/perception/topic_rate_check/pointcloud ERROR
[logging_node-15]     - /autoware/control ERROR
[logging_node-15]         - /autoware/control/topic_rate_check/trajectory_follower ERROR
[logging_node-15]         - /autoware/control/topic_rate_check/control_command ERROR
[logging_node-15] 
[component_container_mt-1] [WARN] [1787493251.654363038] [sensing.lidar.concatenate_data]: transformed_raw_points[/sensing/lidar/right/pointcloud_before_sync] is nullptr, skipping pointcloud publish.
[autoware_mrm_handler_node-14] [INFO] [1787493251.759784127] [system.mrm_handler]: MRM State changed: NORMAL -> MRM_OPERATING
[autoware_mrm_handler_node-14] [WARN] [1787493251.760694451] [system.mrm_handler]: EMERGENCY_STOP is operated.
[component_container_mt-60] [WARN] [1787493251.794614146] [control.vehicle_cmd_gate]: Emergency!
[component_container_mt-1] [WARN] [1787493251.862587806] [perception.occupancy_grid_map.occupancy_grid_map_node]: Could not find a connection between 'map' and 'base_link' because they are not part of the same tree.Tf has two or more unconnected trees.
[autoware_mrm_handler_node-14] [INFO] [1787493251.863016158] [system.mrm_handler]: MRM State changed: MRM_OPERATING -> NORMAL
[autoware_mrm_handler_node-14] [WARN] [1787493251.864056322] [system.mrm_handler]: EMERGENCY_STOP is canceled.
[component_container_mt-1] [WARN] [1787493252.007256470] [lidar_centerpoint]: Could not find a connection between 'base_link' and 'map' because they are not part of the same tree.Tf has two or more unconnected trees.
[component_container_mt-1] [WARN] [1787493252.007288961] [lidar_centerpoint]: Fail to preprocess and skip to detect.
[component_container_mt-1] [WARN] [1787493252.044422208] [sensing.lidar.concatenate_data]: transformed_raw_points[/sensing/lidar/right/pointcloud_before_sync] is nullptr, skipping pointcloud publish.
[component_container_mt-1] [WARN] [1787493252.044477988] [sensing.lidar.concatenate_data]: transformed_raw_points[/sensing/lidar/left/pointcloud_before_sync] is nullptr, skipping pointcloud publish.
[component_container_mt-61] [INFO] [1787493252.054108943] [control.collision_detector]: waiting for current odometry...
[component_container_mt-61] [INFO] [1787493252.054279434] [control.autonomous_emergency_braking]: [AEB] waiting for object pointcloud message
[component_container_mt-1] [WARN] [1787493252.145109140] [sensing.lidar.concatenate_data]: transformed_raw_points[/sensing/lidar/left/pointcloud_before_sync] is nullptr, skipping pointcloud publish.
[component_container_mt-1] [WARN] [1787493252.383777392] [perception.occupancy_grid_map.occupancy_grid_map_node]: Could not find a connection between 'map' and 'base_link' because they are not part of the same tree.Tf has two or more unconnected trees.
[component_container_mt-1] [WARN] [1787493252.404860930] [sensing.lidar.concatenate_data]: transformed_raw_points[/sensing/lidar/left/pointcloud_before_sync] is nullptr, skipping pointcloud publish.
[component_container_mt-1] [WARN] [1787493252.548323510] [lidar_centerpoint]: Could not find a connection between 'base_link' and 'map' because they are not part of the same tree.Tf has two or more unconnected trees.
[component_container_mt-1] [WARN] [1787493252.548359461] [lidar_centerpoint]: Fail to preprocess and skip to detect.
[component_container_mt-1] [WARN] [1787493252.649568455] [sensing.lidar.concatenate_data]: transformed_raw_points[/sensing/lidar/right/pointcloud_before_sync] is nullptr, skipping pointcloud publish.
[component_container_mt-1] [WARN] [1787493252.649620085] [sensing.lidar.concatenate_data]: transformed_raw_points[/sensing/lidar/top/pointcloud_before_sync] is nullptr, skipping pointcloud publish.
[traffic_light_map_based_detector_node-39] [WARN] [1787493252.689427642] [perception.traffic_light_recognition.traffic_light.detection.traffic_light_map_based_detector]: failed to get transform from map frame to camera frame
[component_container_mt-1] [WARN] [1787493252.713028969] [sensing.lidar.concatenate_data]: transformed_raw_points[/sensing/lidar/top/pointcloud_before_sync] is nullptr, skipping pointcloud publish.
[component_container_mt-1] [WARN] [1787493252.713079629] [sensing.lidar.concatenate_data]: transformed_raw_points[/sensing/lidar/left/pointcloud_before_sync] is nullptr, skipping pointcloud publish.
[autoware_ekf_localizer_node-29] [WARN] [1787493252.852605635] [localization.pose_twist_fusion_filter.ekf_localizer]: The node is not activated. Provide initial pose to pose_initializer
[component_container-8] [INFO] [1787493252.852748516] [system.topic_state_monitor_obstacle_segmentation_pointcloud]: /perception/obstacle_segmentation/pointcloud has not received. Set ERROR in diagnostics.
[component_container_mt-1] [WARN] [1787493252.894005898] [perception.occupancy_grid_map.occupancy_grid_map_node]: Could not find a connection between 'map' and 'base_link' because they are not part of the same tree.Tf has two or more unconnected trees.
[component_container_mt-1] [WARN] [1787493253.047465596] [sensing.lidar.concatenate_data]: transformed_raw_points[/sensing/lidar/top/pointcloud_before_sync] is nullptr, skipping pointcloud publish.
[component_container_mt-1] [WARN] [1787493253.047517376] [sensing.lidar.concatenate_data]: transformed_raw_points[/sensing/lidar/left/pointcloud_before_sync] is nullptr, skipping pointcloud publish.
[component_container_mt-1] [WARN] [1787493253.059472010] [lidar_centerpoint]: Could not find a connection between 'base_link' and 'map' because they are not part of the same tree.Tf has two or more unconnected trees.
[component_container_mt-1] [WARN] [1787493253.059504650] [lidar_centerpoint]: Fail to preprocess and skip to detect.
[component_container_mt-1] [WARN] [1787493253.109303065] [sensing.lidar.concatenate_data]: transformed_raw_points[/sensing/lidar/right/pointcloud_before_sync] is nullptr, skipping pointcloud publish.
[component_container_mt-1] [WARN] [1787493253.109355765] [sensing.lidar.concatenate_data]: transformed_raw_points[/sensing/lidar/left/pointcloud_before_sync] is nullptr, skipping pointcloud publish.
[component_container_mt-1] [WARN] [1787493253.235973134] [sensing.lidar.concatenate_data]: transformed_raw_points[/sensing/lidar/top/pointcloud_before_sync] is nullptr, skipping pointcloud publish.
[component_container_mt-1] [WARN] [1787493253.236021454] [sensing.lidar.concatenate_data]: transformed_raw_points[/sensing/lidar/left/pointcloud_before_sync] is nullptr, skipping pointcloud publish.
[component_container_mt-1] [WARN] [1787493253.339183706] [sensing.lidar.concatenate_data]: transformed_raw_points[/sensing/lidar/right/pointcloud_before_sync] is nullptr, skipping pointcloud publish.
[component_container_mt-1] [WARN] [1787493253.339232286] [sensing.lidar.concatenate_data]: transformed_raw_points[/sensing/lidar/top/pointcloud_before_sync] is nullptr, skipping pointcloud publish.
[component_container_mt-1] [WARN] [1787493253.395226783] [sensing.lidar.concatenate_data]: transformed_raw_points[/sensing/lidar/left/pointcloud_before_sync] is nullptr, skipping pointcloud publish.
[component_container_mt-1] [WARN] [1787493253.445376489] [perception.occupancy_grid_map.occupancy_grid_map_node]: Could not find a connection between 'map' and 'base_link' because they are not part of the same tree.Tf has two or more unconnected trees.
[component_container_mt-54] [INFO] [1787493253.482649647] [planning.scenario_planning.lane_driving.behavior_planning.behavior_path_planner]: waiting for route
[component_container_mt-54] [INFO] [1787493253.482702887] [planning.scenario_planning.lane_driving.behavior_planning.behavior_path_planner]: waiting for scenario
[component_container_mt-54] [INFO] [1787493253.482714257] [planning.scenario_planning.lane_driving.behavior_planning.behavior_path_planner]: waiting for acceleration
[component_container_mt-54] [INFO] [1787493253.482725707] [planning.scenario_planning.lane_driving.behavior_planning.behavior_path_planner]: waiting for odometry
[component_container_mt-1] [WARN] [1787493253.539963669] [sensing.lidar.concatenate_data]: transformed_raw_points[/sensing/lidar/right/pointcloud_before_sync] is nullptr, skipping pointcloud publish.
[component_container_mt-1] [WARN] [1787493253.540018399] [sensing.lidar.concatenate_data]: transformed_raw_points[/sensing/lidar/top/pointcloud_before_sync] is nullptr, skipping pointcloud publish.
[component_container_mt-1] [WARN] [1787493253.582807668] [lidar_centerpoint]: Could not find a connection between 'base_link' and 'map' because they are not part of the same tree.Tf has two or more unconnected trees.
[component_container_mt-1] [WARN] [1787493253.582833058] [lidar_centerpoint]: Fail to preprocess and skip to detect.
[component_container_mt-1] [WARN] [1787493253.603599175] [sensing.lidar.concatenate_data]: transformed_raw_points[/sensing/lidar/right/pointcloud_before_sync] is nullptr, skipping pointcloud publish.
[component_container_mt-1] [WARN] [1787493253.697140681] [sensing.lidar.concatenate_data]: transformed_raw_points[/sensing/lidar/right/pointcloud_before_sync] is nullptr, skipping pointcloud publish.
[component_container_mt-60] [INFO] [1787493253.811662465] [control.vehicle_cmd_gate]: The operation mode is changed, but the GearCommand is not received yet:
[component_container-8] [WARN] [1787493253.812191187] [system.topic_state_monitor_control_command_control_cmd]: /control/command/control_cmd topic is timeout. Set ERROR in diagnostics.
[component_container_mt-1] [WARN] [1787493253.812676379] [sensing.lidar.concatenate_data]: transformed_raw_points[/sensing/lidar/right/pointcloud_before_sync] is nullptr, skipping pointcloud publish.
[autoware_pose_initializer_node-27] [INFO] [1787493253.890238206] [localization.util.pose_initializer]: align server succeeded.
[autoware_pose_initializer_node-27] [INFO] [1787493253.891014329] [localization.util.pose_initializer]: EKF triggering service is available!
[autoware_pose_initializer_node-27] [INFO] [1787493253.892228024] [localization.util.pose_initializer]: EKF Activation succeeded
[autoware_pose_initializer_node-27] [INFO] [1787493253.892539095] [localization.util.pose_initializer]: NDT triggering service is available!
[autoware_pose_initializer_node-27] [INFO] [1787493253.892786956] [localization.util.pose_initializer]: NDT Activation succeeded
[component_container_mt-1] [WARN] [1787493253.953104209] [sensing.lidar.concatenate_data]: transformed_raw_points[/sensing/lidar/right/pointcloud_before_sync] is nullptr, skipping pointcloud publish.
[component_container_mt-1] [WARN] [1787493253.953161479] [sensing.lidar.concatenate_data]: transformed_raw_points[/sensing/lidar/left/pointcloud_before_sync] is nullptr, skipping pointcloud publish.
[autoware_ndt_scan_matcher_node-25] [INFO] [1787493253.956322111] [localization.pose_estimator.ndt_scan_matcher]: Mismatch between pose timestamp and current timestamp
[component_container_mt-61] [INFO] [1787493253.976135034] [control.trajectory_follower.lane_departure_checker_node]: waiting for route msg...
[component_container_mt-1] [WARN] [1787493253.990010275] [perception.occupancy_grid_map.occupancy_grid_map_node]: Lookup would require extrapolation into the past.  Requested time 5736.017607 but the earliest data is at time 5736.714048, when looking up transform from frame [base_link] to frame [map]
[autoware_scenario_selector_node-50] [INFO] [1787493254.007219419] [planning.scenario_planning.scenario_selector]: Waiting for route.
[component_container_mt-1] [WARN] [1787493254.103863288] [lidar_centerpoint]: Lookup would require extrapolation into the past.  Requested time 5735.717607 but the earliest data is at time 5736.714048, when looking up transform from frame [map] to frame [base_link]
[component_container_mt-1] [WARN] [1787493254.103896868] [lidar_centerpoint]: Fail to preprocess and skip to detect.
[component_container_mt-1] [WARN] [1787493254.145556342] [sensing.lidar.concatenate_data]: transformed_raw_points[/sensing/lidar/top/pointcloud_before_sync] is nullptr, skipping pointcloud publish.
[component_container_mt-1] [WARN] [1787493254.247499410] [sensing.lidar.concatenate_data]: transformed_raw_points[/sensing/lidar/right/pointcloud_before_sync] is nullptr, skipping pointcloud publish.
[component_container_mt-1] [WARN] [1787493254.304782833] [sensing.lidar.concatenate_data]: transformed_raw_points[/sensing/lidar/right/pointcloud_before_sync] is nullptr, skipping pointcloud publish.
[component_container_mt-1] [WARN] [1787493254.491923127] [perception.occupancy_grid_map.occupancy_grid_map_node]: Lookup would require extrapolation into the past.  Requested time 5736.517607 but the earliest data is at time 5736.714048, when looking up transform from frame [base_link] to frame [map]
[logging_node-15] [WARN] [1787493254.572652036] [logging_diag_graph]: The target mode is not available for the following reasons:
[logging_node-15] - /autoware/modes/autonomous ERROR
[logging_node-15]     - /autoware/localization WARN 
[logging_node-15]         - [anonymous group] WARN 
[logging_node-15]             - /autoware/localization/accuracy WARN 
[logging_node-15]             - /autoware/localization/sensor_fusion_status WARN 
[logging_node-15]     - /autoware/planning ERROR
[logging_node-15]         - /autoware/planning/routing/state ERROR
[logging_node-15]         - [anonymous group] ERROR
[logging_node-15]             - /autoware/planning/topic_rate_check/route ERROR
[logging_node-15]             - /autoware/planning/topic_rate_check/trajectory ERROR
[logging_node-15]     - /autoware/perception ERROR
[logging_node-15]         - /autoware/perception/topic_rate_check/pointcloud ERROR
[logging_node-15]     - /autoware/control ERROR
[logging_node-15]         - /autoware/control/topic_rate_check/trajectory_follower ERROR
[logging_node-15]         - /autoware/control/topic_rate_check/control_command ERROR
[logging_node-15] 
[component_container_mt-1] [WARN] [1787493254.575370286] [sensing.lidar.concatenate_data]: transformed_raw_points[/sensing/lidar/right/pointcloud_before_sync] is nullptr, skipping pointcloud publish.
[component_container_mt-1] [WARN] [1787493254.575544377] [sensing.lidar.concatenate_data]: transformed_raw_points[/sensing/lidar/left/pointcloud_before_sync] is nullptr, skipping pointcloud publish.
[component_container_mt-1] [WARN] [1787493254.603942352] [lidar_centerpoint]: Lookup would require extrapolation into the past.  Requested time 5736.117607 but the earliest data is at time 5736.714048, when looking up transform from frame [map] to frame [base_link]
[component_container_mt-1] [WARN] [1787493254.603978372] [lidar_centerpoint]: Fail to preprocess and skip to detect.
[component_container_mt-63] [INFO] [1787493254.687034800] [adapi.node.autoware_state]: AutowareState: Initializing => WaitingForRoute
[autoware_mrm_handler_node-14] [INFO] [1787493254.741915724] [system.mrm_handler]: MRM State changed: NORMAL -> MRM_OPERATING
[autoware_mrm_handler_node-14] [WARN] [1787493254.743099868] [system.mrm_handler]: EMERGENCY_STOP is operated.
[component_container_mt-60] [WARN] [1787493254.744042202] [control.vehicle_cmd_gate]: Emergency!
[component_container_mt-1] [WARN] [1787493254.836583985] [sensing.lidar.concatenate_data]: transformed_raw_points[/sensing/lidar/left/pointcloud_before_sync] is nullptr, skipping pointcloud publish.
[autoware_mrm_handler_node-14] [INFO] [1787493254.848184908] [system.mrm_handler]: MRM State changed: MRM_OPERATING -> NORMAL
[autoware_mrm_handler_node-14] [WARN] [1787493254.849666114] [system.mrm_handler]: EMERGENCY_STOP is canceled.
[component_container_mt-1] [WARN] [1787493254.897429431] [sensing.lidar.concatenate_data]: transformed_raw_points[/sensing/lidar/right/pointcloud_before_sync] is nullptr, skipping pointcloud publish.
[component_container_mt-1] [WARN] [1787493254.897491591] [sensing.lidar.concatenate_data]: transformed_raw_points[/sensing/lidar/left/pointcloud_before_sync] is nullptr, skipping pointcloud publish.
[component_container_mt-1] [WARN] [1787493255.044717817] [sensing.lidar.concatenate_data]: transformed_raw_points[/sensing/lidar/top/pointcloud_before_sync] is nullptr, skipping pointcloud publish.
[component_container_mt-1] [WARN] [1787493255.044773668] [sensing.lidar.concatenate_data]: transformed_raw_points[/sensing/lidar/left/pointcloud_before_sync] is nullptr, skipping pointcloud publish.
[component_container_mt-1] [WARN] [1787493255.103842967] [sensing.lidar.concatenate_data]: transformed_raw_points[/sensing/lidar/right/pointcloud_before_sync] is nullptr, skipping pointcloud publish.
[component_container_mt-1] [WARN] [1787493255.103899987] [sensing.lidar.concatenate_data]: transformed_raw_points[/sensing/lidar/top/pointcloud_before_sync] is nullptr, skipping pointcloud publish.
[component_container_mt-1] [WARN] [1787493255.153912313] [lidar_centerpoint]: Lookup would require extrapolation into the past.  Requested time 5736.517607 but the earliest data is at time 5736.714048, when looking up transform from frame [map] to frame [base_link]
[component_container_mt-1] [WARN] [1787493255.153938923] [lidar_centerpoint]: Fail to preprocess and skip to detect.
[component_container_mt-1] [WARN] [1787493255.268901800] [sensing.lidar.concatenate_data]: transformed_raw_points[/sensing/lidar/top/pointcloud_before_sync] is nullptr, skipping pointcloud publish.
[component_container_mt-1] [WARN] [1787493255.334806045] [sensing.lidar.concatenate_data]: transformed_raw_points[/sensing/lidar/right/pointcloud_before_sync] is nullptr, skipping pointcloud publish.
[component_container_mt-1] [WARN] [1787493255.434010323] [sensing.lidar.concatenate_data]: transformed_raw_points[/sensing/lidar/right/pointcloud_before_sync] is nullptr, skipping pointcloud publish.
[component_container_mt-1] [WARN] [1787493255.538819043] [sensing.lidar.concatenate_data]: transformed_raw_points[/sensing/lidar/right/pointcloud_before_sync] is nullptr, skipping pointcloud publish.
[component_container_mt-1] [WARN] [1787493255.603878815] [sensing.lidar.concatenate_data]: transformed_raw_points[/sensing/lidar/right/pointcloud_before_sync] is nullptr, skipping pointcloud publish.
[component_container_mt-1] [WARN] [1787493255.903645258] [sensing.lidar.concatenate_data]: transformed_raw_points[/sensing/lidar/right/pointcloud_before_sync] is nullptr, skipping pointcloud publish.
[component_container_mt-1] [WARN] [1787493255.903706298] [sensing.lidar.concatenate_data]: transformed_raw_points[/sensing/lidar/left/pointcloud_before_sync] is nullptr, skipping pointcloud publish.
[component_container-8] [INFO] [1787493255.903679698] [system.topic_state_monitor_scenario_planning_trajectory]: /planning/trajectory has not received. Set ERROR in diagnostics.
[component_container_mt-60] [INFO] [1787493256.048830178] [control.trajectory_follower.controller_node_exe]: Waiting for trajectory data
[component_container_mt-60] [INFO] [1787493256.048890658] [control.trajectory_follower.controller_node_exe]: Control is skipped since input data is not ready.
[component_container_mt-1] [WARN] [1787493256.304882790] [sensing.lidar.concatenate_data]: transformed_raw_points[/sensing/lidar/right/pointcloud_before_sync] is nullptr, skipping pointcloud publish.
[component_container_mt-1] [WARN] [1787493256.305007171] [sensing.lidar.concatenate_data]: transformed_raw_points[/sensing/lidar/top/pointcloud_before_sync] is nullptr, skipping pointcloud publish.
[component_container_mt-1] [WARN] [1787493256.472250053] [sensing.lidar.concatenate_data]: transformed_raw_points[/sensing/lidar/right/pointcloud_before_sync] is nullptr, skipping pointcloud publish.
[component_container_mt-1] [WARN] [1787493256.505705368] [sensing.lidar.concatenate_data]: transformed_raw_points[/sensing/lidar/right/pointcloud_before_sync] is nullptr, skipping pointcloud publish.
[component_container_mt-1] [WARN] [1787493256.505787248] [sensing.lidar.concatenate_data]: transformed_raw_points[/sensing/lidar/left/pointcloud_before_sync] is nullptr, skipping pointcloud publish.
[component_container_mt-1] [ERROR] [1787493256.606062171] [perception.object_recognition.detection.voxel_based_compare_map_filter]: Map was not split or split map grid size is too large. Split map with grid size smaller than 1000.000000
[component_container_mt-1] [WARN] [1787493256.742009487] [sensing.lidar.concatenate_data]: transformed_raw_points[/sensing/lidar/right/pointcloud_before_sync] is nullptr, skipping pointcloud publish.
[component_container_mt-1] [WARN] [1787493256.840871755] [sensing.lidar.concatenate_data]: transformed_raw_points[/sensing/lidar/left/pointcloud_before_sync] is nullptr, skipping pointcloud publish.
[component_container-8] [WARN] [1787493256.896413721] [system.topic_state_monitor_control_command_control_cmd]: /control/command/control_cmd topic is timeout. Set ERROR in diagnostics.
[component_container_mt-1] [WARN] [1787493256.940107194] [sensing.lidar.concatenate_data]: transformed_raw_points[/sensing/lidar/right/pointcloud_before_sync] is nullptr, skipping pointcloud publish.
[component_container_mt-1] [WARN] [1787493257.041697202] [sensing.lidar.concatenate_data]: transformed_raw_points[/sensing/lidar/right/pointcloud_before_sync] is nullptr, skipping pointcloud publish.
[component_container_mt-1] [WARN] [1787493257.041776102] [sensing.lidar.concatenate_data]: transformed_raw_points[/sensing/lidar/left/pointcloud_before_sync] is nullptr, skipping pointcloud publish.
[component_container_mt-1] [WARN] [1787493257.132232310] [sensing.lidar.concatenate_data]: transformed_raw_points[/sensing/lidar/right/pointcloud_before_sync] is nullptr, skipping pointcloud publish.
[component_container_mt-1] [WARN] [1787493257.132295960] [sensing.lidar.concatenate_data]: transformed_raw_points[/sensing/lidar/left/pointcloud_before_sync] is nullptr, skipping pointcloud publish.
[component_container_mt-1] [WARN] [1787493257.304037390] [sensing.lidar.concatenate_data]: transformed_raw_points[/sensing/lidar/left/pointcloud_before_sync] is nullptr, skipping pointcloud publish.
[component_container_mt-1] [WARN] [1787493257.447340194] [sensing.lidar.concatenate_data]: transformed_raw_points[/sensing/lidar/right/pointcloud_before_sync] is nullptr, skipping pointcloud publish.
[component_container_mt-1] [WARN] [1787493257.447403154] [sensing.lidar.concatenate_data]: transformed_raw_points[/sensing/lidar/left/pointcloud_before_sync] is nullptr, skipping pointcloud publish.
[logging_node-15] [WARN] [1787493257.803362301] [logging_diag_graph]: The target mode is not available for the following reasons:
[logging_node-15] - /autoware/modes/autonomous ERROR
[logging_node-15]     - /autoware/localization WARN 
[logging_node-15]         - [anonymous group] WARN 
[logging_node-15]             - /autoware/localization/sensor_fusion_status WARN 
[logging_node-15]     - /autoware/planning ERROR
[logging_node-15]         - /autoware/planning/routing/state ERROR
[logging_node-15]         - [anonymous group] ERROR
[logging_node-15]             - /autoware/planning/topic_rate_check/route ERROR
[logging_node-15]             - /autoware/planning/topic_rate_check/trajectory ERROR
[logging_node-15]     - /autoware/control ERROR
[logging_node-15]         - /autoware/control/topic_rate_check/trajectory_follower ERROR
[logging_node-15]         - /autoware/control/topic_rate_check/control_command ERROR
[logging_node-15] 
[component_container_mt-60] [WARN] [1787493257.847248964] [control.autoware_operation_mode_transition_manager]: Subscribed control_cmd is timed out.
[component_container_mt-54] [INFO] [1787493258.576049314] [planning.scenario_planning.lane_driving.behavior_planning.behavior_path_planner]: waiting for route
[component_container_mt-54] [INFO] [1787493258.576118184] [planning.scenario_planning.lane_driving.behavior_planning.behavior_path_planner]: waiting for scenario
[component_container_mt-1] [WARN] [1787493258.697191476] [sensing.lidar.concatenate_data]: transformed_raw_points[/sensing/lidar/right/pointcloud_before_sync] is nullptr, skipping pointcloud publish.
[component_container_mt-1] [WARN] [1787493258.697267827] [sensing.lidar.concatenate_data]: transformed_raw_points[/sensing/lidar/top/pointcloud_before_sync] is nullptr, skipping pointcloud publish.
[autoware_ekf_localizer_node-29] [WARN] [1787493258.751758960] [localization.pose_twist_fusion_filter.ekf_localizer]: [EKF] Twist queue size (3) is exceeding max_queue_size (2). Consider increasing max_queue_size or reducing input frequency.
[autoware_mrm_handler_node-14] [INFO] [1787493258.754711101] [system.mrm_handler]: MRM State changed: NORMAL -> MRM_OPERATING
[autoware_mrm_handler_node-14] [WARN] [1787493258.757220050] [system.mrm_handler]: EMERGENCY_STOP is operated.
[component_container_mt-60] [WARN] [1787493258.800614932] [control.vehicle_cmd_gate]: Emergency!
[component_container_mt-61] [INFO] [1787493258.801357575] [control.control_validator]: waiting for /planning/trajectory
[component_container_mt-1] [WARN] [1787493258.812400126] [sensing.lidar.concatenate_data]: transformed_raw_points[/sensing/lidar/right/pointcloud_before_sync] is nullptr, skipping pointcloud publish.
[component_container_mt-1] [WARN] [1787493258.812471957] [sensing.lidar.concatenate_data]: transformed_raw_points[/sensing/lidar/left/pointcloud_before_sync] is nullptr, skipping pointcloud publish.
[autoware_mrm_handler_node-14] [INFO] [1787493258.858534829] [system.mrm_handler]: MRM State changed: MRM_OPERATING -> NORMAL
[autoware_mrm_handler_node-14] [WARN] [1787493258.859157281] [system.mrm_handler]: EMERGENCY_STOP is canceled.
[component_container-8] [INFO] [1787493258.939740912] [system.topic_state_monitor_trajectory_follower_control_cmd]: /control/trajectory_follower/control_cmd has not received. Set ERROR in diagnostics.
[component_container_mt-60] [INFO] [1787493258.940435304] [control.vehicle_cmd_gate]: The operation mode is changed, but the GearCommand is not received yet:
[component_container_mt-1] [WARN] [1787493258.941057897] [sensing.lidar.concatenate_data]: transformed_raw_points[/sensing/lidar/top/pointcloud_before_sync] is nullptr, skipping pointcloud publish.
[component_container_mt-61] [INFO] [1787493258.986180195] [control.trajectory_follower.lane_departure_checker_node]: waiting for route msg...
[component_container_mt-1] [WARN] [1787493259.029713588] [sensing.lidar.concatenate_data]: transformed_raw_points[/sensing/lidar/top/pointcloud_before_sync] is nullptr, skipping pointcloud publish.
[component_container_mt-1] [WARN] [1787493259.029771228] [sensing.lidar.concatenate_data]: transformed_raw_points[/sensing/lidar/left/pointcloud_before_sync] is nullptr, skipping pointcloud publish.
[autoware_scenario_selector_node-50] [INFO] [1787493259.095015812] [planning.scenario_planning.scenario_selector]: Waiting for route.
[component_container_mt-1] [WARN] [1787493259.097105180] [sensing.lidar.concatenate_data]: transformed_raw_points[/sensing/lidar/right/pointcloud_before_sync] is nullptr, skipping pointcloud publish.
[component_container_mt-1] [WARN] [1787493259.097170330] [sensing.lidar.concatenate_data]: transformed_raw_points[/sensing/lidar/top/pointcloud_before_sync] is nullptr, skipping pointcloud publish.
[component_container_mt-1] [WARN] [1787493259.230360398] [sensing.lidar.concatenate_data]: transformed_raw_points[/sensing/lidar/right/pointcloud_before_sync] is nullptr, skipping pointcloud publish.
[component_container_mt-1] [WARN] [1787493259.230417598] [sensing.lidar.concatenate_data]: transformed_raw_points[/sensing/lidar/top/pointcloud_before_sync] is nullptr, skipping pointcloud publish.
[component_container_mt-1] [WARN] [1787493259.307578817] [sensing.lidar.concatenate_data]: transformed_raw_points[/sensing/lidar/right/pointcloud_before_sync] is nullptr, skipping pointcloud publish.
[component_container_mt-1] [WARN] [1787493259.307681337] [sensing.lidar.concatenate_data]: transformed_raw_points[/sensing/lidar/left/pointcloud_before_sync] is nullptr, skipping pointcloud publish.
[component_container_mt-1] [WARN] [1787493259.443628965] [sensing.lidar.concatenate_data]: transformed_raw_points[/sensing/lidar/right/pointcloud_before_sync] is nullptr, skipping pointcloud publish.
[component_container_mt-1] [WARN] [1787493259.544645633] [sensing.lidar.concatenate_data]: transformed_raw_points[/sensing/lidar/right/pointcloud_before_sync] is nullptr, skipping pointcloud publish.
[component_container_mt-1] [WARN] [1787493259.544703494] [sensing.lidar.concatenate_data]: transformed_raw_points[/sensing/lidar/left/pointcloud_before_sync] is nullptr, skipping pointcloud publish.
[traffic_light_map_based_detector_node-39] [WARN] [1787493259.638114063] [perception.traffic_light_recognition.traffic_light.detection.traffic_light_map_based_detector]: failed to get transform from map frame to camera frame
[component_container_mt-61] [INFO] [1787493259.649869787] [control.autonomous_emergency_braking]: [AEB] waiting for control predicted trajectory
[component_container_mt-1] [WARN] [1787493259.798659573] [sensing.lidar.concatenate_data]: transformed_raw_points[/sensing/lidar/right/pointcloud_before_sync] is nullptr, skipping pointcloud publish.
[component_container-8] [WARN] [1787493259.904196838] [system.topic_state_monitor_control_command_control_cmd]: /control/command/control_cmd topic is timeout. Set ERROR in diagnostics.
[component_container_mt-1] [WARN] [1787493259.904240238] [sensing.lidar.concatenate_data]: transformed_raw_points[/sensing/lidar/left/pointcloud_before_sync] is nullptr, skipping pointcloud publish.
[component_container_mt-1] [WARN] [1787493260.306851135] [sensing.lidar.concatenate_data]: transformed_raw_points[/sensing/lidar/top/pointcloud_before_sync] is nullptr, skipping pointcloud publish.
[component_container_mt-1] [WARN] [1787493260.641778780] [sensing.lidar.concatenate_data]: transformed_raw_points[/sensing/lidar/top/pointcloud_before_sync] is nullptr, skipping pointcloud publish.
[component_container_mt-1] [WARN] [1787493260.641846031] [sensing.lidar.concatenate_data]: transformed_raw_points[/sensing/lidar/left/pointcloud_before_sync] is nullptr, skipping pointcloud publish.
[component_container_mt-1] [WARN] [1787493260.742047516] [sensing.lidar.concatenate_data]: transformed_raw_points[/sensing/lidar/left/pointcloud_before_sync] is nullptr, skipping pointcloud publish.
[component_container_mt-1] [WARN] [1787493260.798607408] [sensing.lidar.concatenate_data]: transformed_raw_points[/sensing/lidar/right/pointcloud_before_sync] is nullptr, skipping pointcloud publish.
[component_container_mt-1] [WARN] [1787493260.798659518] [sensing.lidar.concatenate_data]: transformed_raw_points[/sensing/lidar/top/pointcloud_before_sync] is nullptr, skipping pointcloud publish.
[component_container_mt-60] [INFO] [1787493261.060862340] [control.trajectory_follower.controller_node_exe]: Waiting for trajectory data
[component_container_mt-60] [INFO] [1787493261.060929460] [control.trajectory_follower.controller_node_exe]: Control is skipped since input data is not ready.
[logging_node-15] [WARN] [1787493261.096186433] [logging_diag_graph]: The target mode is not available for the following reasons:
[logging_node-15] - /autoware/modes/autonomous ERROR
[logging_node-15]     - /autoware/localization WARN 
[logging_node-15]         - [anonymous group] WARN 
[logging_node-15]             - /autoware/localization/sensor_fusion_status WARN 
[logging_node-15]     - /autoware/planning ERROR
[logging_node-15]         - /autoware/planning/routing/state ERROR
[logging_node-15]         - [anonymous group] ERROR
[logging_node-15]             - /autoware/planning/topic_rate_check/route ERROR
[logging_node-15]             - /autoware/planning/topic_rate_check/trajectory ERROR
[logging_node-15]     - /autoware/control ERROR
[logging_node-15]         - /autoware/control/topic_rate_check/trajectory_follower ERROR
[logging_node-15]         - /autoware/control/topic_rate_check/control_command ERROR
[logging_node-15] 
[component_container_mt-1] [WARN] [1787493261.106185020] [sensing.lidar.concatenate_data]: transformed_raw_points[/sensing/lidar/right/pointcloud_before_sync] is nullptr, skipping pointcloud publish.
[component_container_mt-1] [WARN] [1787493261.106258690] [sensing.lidar.concatenate_data]: transformed_raw_points[/sensing/lidar/top/pointcloud_before_sync] is nullptr, skipping pointcloud publish.
[component_container_mt-60] [WARN] [1787493261.841188326] [control.autoware_operation_mode_transition_manager]: Subscribed control_cmd is timed out.
[component_container-8] [INFO] [1787493261.951166399] [system.topic_state_monitor_trajectory_follower_control_cmd]: /control/trajectory_follower/control_cmd has not received. Set ERROR in diagnostics.
[autoware_mrm_handler_node-14] [INFO] [1787493262.739624631] [system.mrm_handler]: MRM State changed: NORMAL -> MRM_OPERATING
[autoware_mrm_handler_node-14] [WARN] [1787493262.740359744] [system.mrm_handler]: EMERGENCY_STOP is operated.
[component_container_mt-60] [WARN] [1787493262.743521885] [control.vehicle_cmd_gate]: Emergency!
[autoware_mrm_handler_node-14] [INFO] [1787493262.853129887] [system.mrm_handler]: MRM State changed: MRM_OPERATING -> NORMAL
[autoware_mrm_handler_node-14] [WARN] [1787493262.856848481] [system.mrm_handler]: EMERGENCY_STOP is canceled.
[component_container-8] [WARN] [1787493262.992370700] [system.topic_state_monitor_control_command_control_cmd]: /control/command/control_cmd topic rate has dropped to the error level. Set ERROR in diagnostics.
[component_container_mt-1] [WARN] [1787493263.505466351] [sensing.lidar.concatenate_data]: transformed_raw_points[/sensing/lidar/left/pointcloud_before_sync] is nullptr, skipping pointcloud publish.
[component_container_mt-1] [WARN] [1787493263.655760747] [sensing.lidar.concatenate_data]: transformed_raw_points[/sensing/lidar/top/pointcloud_before_sync] is nullptr, skipping pointcloud publish.
[component_container_mt-54] [INFO] [1787493263.678407952] [planning.scenario_planning.lane_driving.behavior_planning.behavior_path_planner]: waiting for route
[component_container_mt-54] [INFO] [1787493263.678492952] [planning.scenario_planning.lane_driving.behavior_planning.behavior_path_planner]: waiting for scenario
[component_container_mt-1] [WARN] [1787493263.701541329] [sensing.lidar.concatenate_data]: transformed_raw_points[/sensing/lidar/right/pointcloud_before_sync] is nullptr, skipping pointcloud publish.
[autoware_mrm_handler_node-14] [INFO] [1787493263.783123066] [system.mrm_handler]: MRM State changed: NORMAL -> MRM_OPERATING
[autoware_mrm_handler_node-14] [WARN] [1787493263.786285268] [system.mrm_handler]: EMERGENCY_STOP is operated.
[component_container_mt-60] [WARN] [1787493263.807484198] [control.vehicle_cmd_gate]: Emergency!
[component_container_mt-61] [INFO] [1787493263.807758449] [control.control_validator]: waiting for /planning/trajectory
[component_container_mt-1] [WARN] [1787493263.844770018] [sensing.lidar.concatenate_data]: transformed_raw_points[/sensing/lidar/top/pointcloud_before_sync] is nullptr, skipping pointcloud publish.
[component_container_mt-1] [WARN] [1787493263.844826738] [sensing.lidar.concatenate_data]: transformed_raw_points[/sensing/lidar/left/pointcloud_before_sync] is nullptr, skipping pointcloud publish.
[autoware_mrm_handler_node-14] [INFO] [1787493263.855622999] [system.mrm_handler]: MRM State changed: MRM_OPERATING -> NORMAL
[autoware_mrm_handler_node-14] [WARN] [1787493263.856952954] [system.mrm_handler]: EMERGENCY_STOP is canceled.
[component_container_mt-1] [WARN] [1787493264.000058582] [sensing.lidar.concatenate_data]: transformed_raw_points[/sensing/lidar/left/pointcloud_before_sync] is nullptr, skipping pointcloud publish.
[component_container_mt-60] [INFO] [1787493264.042257301] [control.vehicle_cmd_gate]: The operation mode is changed, but the GearCommand is not received yet:
[component_container_mt-61] [INFO] [1787493264.087875163] [control.trajectory_follower.lane_departure_checker_node]: waiting for route msg...
[logging_node-15] [WARN] [1787493264.097790151] [logging_diag_graph]: The target mode is not available for the following reasons:
[logging_node-15] - /autoware/modes/autonomous ERROR
[logging_node-15]     - /autoware/localization WARN 
[logging_node-15]         - [anonymous group] WARN 
[logging_node-15]             - /autoware/localization/sensor_fusion_status WARN 
[logging_node-15]     - /autoware/planning ERROR
[logging_node-15]         - /autoware/planning/routing/state ERROR
[logging_node-15]         - [anonymous group] ERROR
[logging_node-15]             - /autoware/planning/topic_rate_check/route ERROR
[logging_node-15]             - /autoware/planning/topic_rate_check/trajectory ERROR
[logging_node-15]     - /autoware/control ERROR
[logging_node-15]         - /autoware/control/topic_rate_check/trajectory_follower ERROR
[logging_node-15]         - /autoware/control/topic_rate_check/control_command ERROR
[logging_node-15] 
[autoware_scenario_selector_node-50] [INFO] [1787493264.099126306] [planning.scenario_planning.scenario_selector]: Waiting for route.
[component_container_mt-61] [INFO] [1787493264.660349161] [control.autonomous_emergency_braking]: [AEB] waiting for control predicted trajectory
[component_container_mt-1] [WARN] [1787493264.894121302] [sensing.lidar.concatenate_data]: transformed_raw_points[/sensing/lidar/top/pointcloud_before_sync] is nullptr, skipping pointcloud publish.
[component_container_mt-1] [WARN] [1787493264.894173993] [sensing.lidar.concatenate_data]: transformed_raw_points[/sensing/lidar/left/pointcloud_before_sync] is nullptr, skipping pointcloud publish.
[component_container-8] [INFO] [1787493265.001732218] [system.topic_state_monitor_scenario_planning_trajectory]: /planning/trajectory has not received. Set ERROR in diagnostics.
[component_container_mt-1] [WARN] [1787493265.002379331] [sensing.lidar.concatenate_data]: transformed_raw_points[/sensing/lidar/right/pointcloud_before_sync] is nullptr, skipping pointcloud publish.
[component_container_mt-1] [WARN] [1787493265.002421251] [sensing.lidar.concatenate_data]: transformed_raw_points[/sensing/lidar/top/pointcloud_before_sync] is nullptr, skipping pointcloud publish.
[component_container_mt-60] [INFO] [1787493266.067843673] [control.trajectory_follower.controller_node_exe]: Waiting for trajectory data
[component_container_mt-60] [INFO] [1787493266.067912574] [control.trajectory_follower.controller_node_exe]: Control is skipped since input data is not ready.
[component_container-8] [WARN] [1787493266.101831642] [system.topic_state_monitor_control_command_control_cmd]: /control/command/control_cmd topic is timeout. Set ERROR in diagnostics.
[component_container_mt-1] [WARN] [1787493266.808840795] [sensing.lidar.concatenate_data]: transformed_raw_points[/sensing/lidar/right/pointcloud_before_sync] is nullptr, skipping pointcloud publish.
[component_container_mt-60] [WARN] [1787493266.850473692] [control.autoware_operation_mode_transition_manager]: Subscribed control_cmd is timed out.
[component_container_mt-1] [WARN] [1787493266.961611932] [sensing.lidar.concatenate_data]: transformed_raw_points[/sensing/lidar/right/pointcloud_before_sync] is nullptr, skipping pointcloud publish.
[component_container_mt-1] [WARN] [1787493267.004119043] [sensing.lidar.concatenate_data]: transformed_raw_points[/sensing/lidar/right/pointcloud_before_sync] is nullptr, skipping pointcloud publish.
[component_container_mt-1] [WARN] [1787493267.004199283] [sensing.lidar.concatenate_data]: transformed_raw_points[/sensing/lidar/left/pointcloud_before_sync] is nullptr, skipping pointcloud publish.
[logging_node-15] [WARN] [1787493267.400397434] [logging_diag_graph]: The target mode is not available for the following reasons:
[logging_node-15] - /autoware/modes/autonomous ERROR
[logging_node-15]     - /autoware/localization ERROR
[logging_node-15]         - /autoware/localization/state STALE
[logging_node-15]         - [anonymous group] WARN 
[logging_node-15]             - /autoware/localization/sensor_fusion_status WARN 
[logging_node-15]     - /autoware/planning ERROR
[logging_node-15]         - /autoware/planning/routing/state ERROR
[logging_node-15]         - [anonymous group] ERROR
[logging_node-15]             - /autoware/planning/topic_rate_check/route ERROR
[logging_node-15]             - /autoware/planning/topic_rate_check/trajectory ERROR
[logging_node-15]     - /autoware/control ERROR
[logging_node-15]         - /autoware/control/topic_rate_check/trajectory_follower ERROR
[logging_node-15]         - /autoware/control/topic_rate_check/control_command ERROR
[logging_node-15] 
[component_container_mt-1] [WARN] [1787493267.401953920] [sensing.lidar.concatenate_data]: transformed_raw_points[/sensing/lidar/right/pointcloud_before_sync] is nullptr, skipping pointcloud publish.
[component_container_mt-1] [WARN] [1787493267.703741093] [sensing.lidar.concatenate_data]: transformed_raw_points[/sensing/lidar/right/pointcloud_before_sync] is nullptr, skipping pointcloud publish.
[component_container_mt-1] [WARN] [1787493267.703809573] [sensing.lidar.concatenate_data]: transformed_raw_points[/sensing/lidar/top/pointcloud_before_sync] is nullptr, skipping pointcloud publish.
[component_container-8] [INFO] [1787493268.046815392] [system.topic_state_monitor_trajectory_follower_control_cmd]: /control/trajectory_follower/control_cmd has not received. Set ERROR in diagnostics.
[autoware_mrm_handler_node-14] [INFO] [1787493268.748433633] [system.mrm_handler]: MRM State changed: NORMAL -> MRM_OPERATING
[autoware_mrm_handler_node-14] [WARN] [1787493268.750370330] [system.mrm_handler]: EMERGENCY_STOP is operated.
[component_container_mt-60] [WARN] [1787493268.750980963] [control.vehicle_cmd_gate]: Emergency!
[component_container_mt-54] [INFO] [1787493268.770128055] [planning.scenario_planning.lane_driving.behavior_planning.behavior_path_planner]: waiting for route
[component_container_mt-54] [INFO] [1787493268.770194396] [planning.scenario_planning.lane_driving.behavior_planning.behavior_path_planner]: waiting for scenario
[autoware_ekf_localizer_node-29] [WARN] [1787493268.854544746] [localization.pose_twist_fusion_filter.ekf_localizer]: [EKF] Twist queue size (3) is exceeding max_queue_size (2). Consider increasing max_queue_size or reducing input frequency.
[autoware_mrm_handler_node-14] [INFO] [1787493268.858329780] [system.mrm_handler]: MRM State changed: MRM_OPERATING -> NORMAL
[autoware_mrm_handler_node-14] [WARN] [1787493268.860820559] [system.mrm_handler]: EMERGENCY_STOP is canceled.
[component_container_mt-61] [INFO] [1787493268.861971634] [control.control_validator]: waiting for /planning/trajectory
[component_container_mt-60] [INFO] [1787493269.040065719] [control.vehicle_cmd_gate]: The operation mode is changed, but the GearCommand is not received yet:
[component_container_mt-61] [INFO] [1787493269.174417940] [control.trajectory_follower.lane_departure_checker_node]: waiting for route msg...
[autoware_scenario_selector_node-50] [INFO] [1787493269.207582556] [planning.scenario_planning.scenario_selector]: Waiting for route.
[component_container-8] [WARN] [1787493269.207623346] [system.topic_state_monitor_control_command_control_cmd]: /control/command/control_cmd topic rate has dropped to the warning level. Set WARN in diagnostics.
[component_container_mt-61] [INFO] [1787493269.750374958] [control.autonomous_emergency_braking]: [AEB] waiting for control predicted trajectory
[component_container_mt-1] [WARN] [1787493269.907066794] [sensing.lidar.concatenate_data]: transformed_raw_points[/sensing/lidar/left/pointcloud_before_sync] is nullptr, skipping pointcloud publish.
[logging_node-15] [WARN] [1787493270.502896590] [logging_diag_graph]: The target mode is not available for the following reasons:
[logging_node-15] - /autoware/modes/autonomous ERROR
[logging_node-15]     - /autoware/planning ERROR
[logging_node-15]         - /autoware/planning/routing/state ERROR
[logging_node-15]         - [anonymous group] ERROR
[logging_node-15]             - /autoware/planning/topic_rate_check/route ERROR
[logging_node-15]             - /autoware/planning/topic_rate_check/trajectory ERROR
[logging_node-15]     - /autoware/control ERROR
[logging_node-15]         - /autoware/control/topic_rate_check/trajectory_follower ERROR
[logging_node-15]         - /autoware/control/topic_rate_check/control_command ERROR
[logging_node-15] 
[autoware_ekf_localizer_node-29] [WARN] [1787493271.051631528] [localization.pose_twist_fusion_filter.ekf_localizer]: [EKF] Twist queue size (3) is exceeding max_queue_size (2). Consider increasing max_queue_size or reducing input frequency.
[component_container-8] [INFO] [1787493271.054632970] [system.topic_state_monitor_mission_planning_route]: /planning/mission_planning/route has not received. Set ERROR in diagnostics.
[component_container_mt-60] [INFO] [1787493271.096829880] [control.trajectory_follower.controller_node_exe]: Waiting for trajectory data
[component_container_mt-60] [INFO] [1787493271.096909481] [control.trajectory_follower.controller_node_exe]: Control is skipped since input data is not ready.
[component_container_mt-1] [WARN] [1787493271.600303109] [sensing.lidar.concatenate_data]: transformed_raw_points[/sensing/lidar/left/pointcloud_before_sync] is nullptr, skipping pointcloud publish.
[component_container_mt-1] [WARN] [1787493271.743044203] [sensing.lidar.concatenate_data]: transformed_raw_points[/sensing/lidar/top/pointcloud_before_sync] is nullptr, skipping pointcloud publish.
[component_container_mt-1] [WARN] [1787493271.801142295] [sensing.lidar.concatenate_data]: transformed_raw_points[/sensing/lidar/right/pointcloud_before_sync] is nullptr, skipping pointcloud publish.
[component_container_mt-60] [WARN] [1787493271.953297664] [control.autoware_operation_mode_transition_manager]: Subscribed control_cmd is timed out.
[component_container-8] [WARN] [1787493272.291335064] [system.topic_state_monitor_control_command_control_cmd]: /control/command/control_cmd topic is timeout. Set ERROR in diagnostics.
[component_container_mt-1] [WARN] [1787493273.301895863] [sensing.lidar.concatenate_data]: transformed_raw_points[/sensing/lidar/right/pointcloud_before_sync] is nullptr, skipping pointcloud publish.
[component_container_mt-1] [WARN] [1787493273.445014150] [sensing.lidar.concatenate_data]: transformed_raw_points[/sensing/lidar/right/pointcloud_before_sync] is nullptr, skipping pointcloud publish.
[component_container_mt-1] [WARN] [1787493273.534732634] [sensing.lidar.concatenate_data]: transformed_raw_points[/sensing/lidar/right/pointcloud_before_sync] is nullptr, skipping pointcloud publish.
[component_container_mt-54] [INFO] [1787493273.768552418] [planning.scenario_planning.lane_driving.behavior_planning.behavior_path_planner]: waiting for route
[component_container_mt-54] [INFO] [1787493273.768603578] [planning.scenario_planning.lane_driving.behavior_planning.behavior_path_planner]: waiting for scenario
[logging_node-15] [WARN] [1787493273.998425306] [logging_diag_graph]: The target mode is not available for the following reasons:
[logging_node-15] - /autoware/modes/autonomous ERROR
[logging_node-15]     - /autoware/localization WARN 
[logging_node-15]         - [anonymous group] WARN 
[logging_node-15]             - /autoware/localization/sensor_fusion_status WARN 
[logging_node-15]     - /autoware/planning ERROR
[logging_node-15]         - /autoware/planning/routing/state ERROR
[logging_node-15]         - [anonymous group] ERROR
[logging_node-15]             - /autoware/planning/topic_rate_check/route ERROR
[logging_node-15]             - /autoware/planning/topic_rate_check/trajectory ERROR
[logging_node-15]     - /autoware/control ERROR
[logging_node-15]         - /autoware/control/topic_rate_check/trajectory_follower ERROR
[logging_node-15]         - /autoware/control/topic_rate_check/control_command ERROR
[logging_node-15] 
[component_container-8] [INFO] [1787493274.097771717] [system.topic_state_monitor_scenario_planning_trajectory]: /planning/trajectory has not received. Set ERROR in diagnostics.
[component_container_mt-60] [INFO] [1787493274.142284707] [control.vehicle_cmd_gate]: The operation mode is changed, but the GearCommand is not received yet:
[component_container_mt-61] [INFO] [1787493274.184672549] [control.trajectory_follower.lane_departure_checker_node]: waiting for route msg...
[autoware_scenario_selector_node-50] [INFO] [1787493274.304016666] [planning.scenario_planning.scenario_selector]: Waiting for route.
[autoware_ekf_localizer_node-29] [WARN] [1787493274.592017799] [localization.pose_twist_fusion_filter.ekf_localizer]: Twist time stamp is inappropriate, set delay to 0[s]. delay = -0.017
[component_container_mt-61] [INFO] [1787493274.853105648] [control.autonomous_emergency_braking]: [AEB] waiting for control predicted trajectory
[component_container_mt-60] [WARN] [1787493275.051689419] [control.autoware_operation_mode_transition_manager]: Subscribed control_cmd is timed out.
[component_container-8] [WARN] [1787493275.310141990] [system.topic_state_monitor_control_command_control_cmd]: /control/command/control_cmd topic is timeout. Set ERROR in diagnostics.
[component_container_mt-1] [WARN] [1787493275.311456525] [sensing.lidar.concatenate_data]: transformed_raw_points[/sensing/lidar/right/pointcloud_before_sync] is nullptr, skipping pointcloud publish.
[component_container_mt-1] [WARN] [1787493275.311512025] [sensing.lidar.concatenate_data]: transformed_raw_points[/sensing/lidar/left/pointcloud_before_sync] is nullptr, skipping pointcloud publish.
[component_container_mt-1] [WARN] [1787493275.836466978] [sensing.lidar.concatenate_data]: transformed_raw_points[/sensing/lidar/right/pointcloud_before_sync] is nullptr, skipping pointcloud publish.
[component_container_mt-1] [WARN] [1787493275.836547879] [sensing.lidar.concatenate_data]: transformed_raw_points[/sensing/lidar/left/pointcloud_before_sync] is nullptr, skipping pointcloud publish.
[component_container_mt-1] [WARN] [1787493275.935621099] [sensing.lidar.concatenate_data]: transformed_raw_points[/sensing/lidar/left/pointcloud_before_sync] is nullptr, skipping pointcloud publish.
[component_container_mt-1] [WARN] [1787493276.002983977] [sensing.lidar.concatenate_data]: transformed_raw_points[/sensing/lidar/left/pointcloud_before_sync] is nullptr, skipping pointcloud publish.
[component_container_mt-60] [INFO] [1787493276.100485431] [control.trajectory_follower.controller_node_exe]: Waiting for trajectory data
[component_container_mt-60] [INFO] [1787493276.100579112] [control.trajectory_follower.controller_node_exe]: Control is skipped since input data is not ready.
[component_container_mt-1] [WARN] [1787493276.102066117] [sensing.lidar.concatenate_data]: transformed_raw_points[/sensing/lidar/right/pointcloud_before_sync] is nullptr, skipping pointcloud publish.
[component_container_mt-1] [WARN] [1787493276.102118248] [sensing.lidar.concatenate_data]: transformed_raw_points[/sensing/lidar/left/pointcloud_before_sync] is nullptr, skipping pointcloud publish.
[component_container_mt-1] [WARN] [1787493277.043010901] [sensing.lidar.concatenate_data]: transformed_raw_points[/sensing/lidar/right/pointcloud_before_sync] is nullptr, skipping pointcloud publish.
[component_container_mt-1] [WARN] [1787493277.043089792] [sensing.lidar.concatenate_data]: transformed_raw_points[/sensing/lidar/top/pointcloud_before_sync] is nullptr, skipping pointcloud publish.
[component_container_mt-1] [WARN] [1787493277.132820487] [sensing.lidar.concatenate_data]: transformed_raw_points[/sensing/lidar/right/pointcloud_before_sync] is nullptr, skipping pointcloud publish.
[component_container-8] [INFO] [1787493277.141897372] [system.topic_state_monitor_trajectory_follower_control_cmd]: /control/trajectory_follower/control_cmd has not received. Set ERROR in diagnostics.
[logging_node-15] [WARN] [1787493277.207985616] [logging_diag_graph]: The target mode is not available for the following reasons:
[logging_node-15] - /autoware/modes/autonomous ERROR
[logging_node-15]     - /autoware/planning ERROR
[logging_node-15]         - /autoware/planning/routing/state ERROR
[logging_node-15]         - [anonymous group] ERROR
[logging_node-15]             - /autoware/planning/topic_rate_check/route ERROR
[logging_node-15]             - /autoware/planning/topic_rate_check/trajectory ERROR
[logging_node-15]     - /autoware/control ERROR
[logging_node-15]         - /autoware/control/topic_rate_check/trajectory_follower ERROR
[logging_node-15]         - /autoware/control/topic_rate_check/control_command ERROR
[logging_node-15] 
[component_container_mt-1] [WARN] [1787493277.304138136] [sensing.lidar.concatenate_data]: transformed_raw_points[/sensing/lidar/right/pointcloud_before_sync] is nullptr, skipping pointcloud publish.
[component_container_mt-1] [WARN] [1787493277.541486349] [sensing.lidar.concatenate_data]: transformed_raw_points[/sensing/lidar/top/pointcloud_before_sync] is nullptr, skipping pointcloud publish.
[component_container_mt-1] [WARN] [1787493277.541538099] [sensing.lidar.concatenate_data]: transformed_raw_points[/sensing/lidar/left/pointcloud_before_sync] is nullptr, skipping pointcloud publish.
[component_container_mt-1] [WARN] [1787493278.134164849] [sensing.lidar.concatenate_data]: transformed_raw_points[/sensing/lidar/right/pointcloud_before_sync] is nullptr, skipping pointcloud publish.
[component_container_mt-60] [WARN] [1787493278.144526769] [control.autoware_operation_mode_transition_manager]: Subscribed control_cmd is timed out.
[component_container-8] [WARN] [1787493278.304998837] [system.topic_state_monitor_control_command_control_cmd]: /control/command/control_cmd topic is timeout. Set ERROR in diagnostics.
[component_container_mt-1] [WARN] [1787493278.307631437] [sensing.lidar.concatenate_data]: transformed_raw_points[/sensing/lidar/right/pointcloud_before_sync] is nullptr, skipping pointcloud publish.
[component_container_mt-1] [WARN] [1787493278.407296281] [sensing.lidar.concatenate_data]: transformed_raw_points[/sensing/lidar/right/pointcloud_before_sync] is nullptr, skipping pointcloud publish.
[component_container_mt-1] [WARN] [1787493278.551596547] [sensing.lidar.concatenate_data]: transformed_raw_points[/sensing/lidar/right/pointcloud_before_sync] is nullptr, skipping pointcloud publish.
[component_container_mt-1] [WARN] [1787493278.650350957] [sensing.lidar.concatenate_data]: transformed_raw_points[/sensing/lidar/right/pointcloud_before_sync] is nullptr, skipping pointcloud publish.
[component_container_mt-1] [WARN] [1787493278.650445188] [sensing.lidar.concatenate_data]: transformed_raw_points[/sensing/lidar/left/pointcloud_before_sync] is nullptr, skipping pointcloud publish.
[autoware_ekf_localizer_node-29] [WARN] [1787493278.685650003] [localization.pose_twist_fusion_filter.ekf_localizer]: [EKF] Twist queue size (3) is exceeding max_queue_size (2). Consider increasing max_queue_size or reducing input frequency.
[component_container_mt-1] [WARN] [1787493278.747557682] [sensing.lidar.concatenate_data]: transformed_raw_points[/sensing/lidar/right/pointcloud_before_sync] is nullptr, skipping pointcloud publish.
[component_container_mt-1] [WARN] [1787493278.747624902] [sensing.lidar.concatenate_data]: transformed_raw_points[/sensing/lidar/left/pointcloud_before_sync] is nullptr, skipping pointcloud publish.
[autoware_mrm_handler_node-14] [INFO] [1787493278.748280935] [system.mrm_handler]: MRM State changed: NORMAL -> MRM_OPERATING
[autoware_mrm_handler_node-14] [WARN] [1787493278.749729770] [system.mrm_handler]: EMERGENCY_STOP is operated.
[component_container_mt-54] [INFO] [1787493278.792896357] [planning.scenario_planning.lane_driving.behavior_planning.behavior_path_planner]: waiting for route
[component_container_mt-54] [INFO] [1787493278.792977507] [planning.scenario_planning.lane_driving.behavior_planning.behavior_path_planner]: waiting for scenario
[component_container_mt-60] [WARN] [1787493278.793587849] [control.vehicle_cmd_gate]: Emergency!
[component_container_mt-61] [INFO] [1787493278.794589493] [control.control_validator]: waiting for /planning/trajectory
[component_container_mt-1] [WARN] [1787493278.848555251] [sensing.lidar.concatenate_data]: transformed_raw_points[/sensing/lidar/left/pointcloud_before_sync] is nullptr, skipping pointcloud publish.
[autoware_mrm_handler_node-14] [INFO] [1787493278.849055923] [system.mrm_handler]: MRM State changed: MRM_OPERATING -> NORMAL
[autoware_mrm_handler_node-14] [WARN] [1787493278.850011957] [system.mrm_handler]: EMERGENCY_STOP is canceled.
[component_container_mt-1] [WARN] [1787493278.904603927] [sensing.lidar.concatenate_data]: transformed_raw_points[/sensing/lidar/right/pointcloud_before_sync] is nullptr, skipping pointcloud publish.
[component_container_mt-1] [WARN] [1787493279.002491154] [sensing.lidar.concatenate_data]: transformed_raw_points[/sensing/lidar/top/pointcloud_before_sync] is nullptr, skipping pointcloud publish.
[component_container_mt-1] [WARN] [1787493279.002559414] [sensing.lidar.concatenate_data]: transformed_raw_points[/sensing/lidar/left/pointcloud_before_sync] is nullptr, skipping pointcloud publish.
[component_container_mt-61] [INFO] [1787493279.180470221] [control.trajectory_follower.lane_departure_checker_node]: waiting for route msg...
[component_container_mt-60] [INFO] [1787493279.232775262] [control.vehicle_cmd_gate]: The operation mode is changed, but the GearCommand is not received yet:
[autoware_scenario_selector_node-50] [INFO] [1787493279.402671488] [planning.scenario_planning.scenario_selector]: Waiting for route.
[component_container_mt-1] [WARN] [1787493279.536110563] [sensing.lidar.concatenate_data]: transformed_raw_points[/sensing/lidar/right/pointcloud_before_sync] is nullptr, skipping pointcloud publish.
[component_container_mt-1] [WARN] [1787493279.536166843] [sensing.lidar.concatenate_data]: transformed_raw_points[/sensing/lidar/left/pointcloud_before_sync] is nullptr, skipping pointcloud publish.
[component_container_mt-1] [WARN] [1787493279.634762893] [sensing.lidar.concatenate_data]: transformed_raw_points[/sensing/lidar/top/pointcloud_before_sync] is nullptr, skipping pointcloud publish.
[component_container_mt-1] [WARN] [1787493279.634817843] [sensing.lidar.concatenate_data]: transformed_raw_points[/sensing/lidar/left/pointcloud_before_sync] is nullptr, skipping pointcloud publish.
[component_container_mt-1] [WARN] [1787493279.691023490] [sensing.lidar.concatenate_data]: transformed_raw_points[/sensing/lidar/right/pointcloud_before_sync] is nullptr, skipping pointcloud publish.
[component_container_mt-1] [WARN] [1787493279.691109271] [sensing.lidar.concatenate_data]: transformed_raw_points[/sensing/lidar/left/pointcloud_before_sync] is nullptr, skipping pointcloud publish.
[component_container_mt-61] [INFO] [1787493279.939034917] [control.autonomous_emergency_braking]: [AEB] waiting for control predicted trajectory
[component_container-8] [INFO] [1787493280.205986978] [system.topic_state_monitor_scenario_planning_trajectory]: /planning/trajectory has not received. Set ERROR in diagnostics.
[logging_node-15] [WARN] [1787493280.301924089] [logging_diag_graph]: The target mode is not available for the following reasons:
[logging_node-15] - /autoware/modes/autonomous ERROR
[logging_node-15]     - /autoware/localization WARN 
[logging_node-15]         - [anonymous group] WARN 
[logging_node-15]             - /autoware/localization/sensor_fusion_status WARN 
[logging_node-15]     - /autoware/planning ERROR
[logging_node-15]         - /autoware/planning/routing/state ERROR
[logging_node-15]         - [anonymous group] ERROR
[logging_node-15]             - /autoware/planning/topic_rate_check/route ERROR
[logging_node-15]             - /autoware/planning/topic_rate_check/trajectory ERROR
[logging_node-15]     - /autoware/control ERROR
[logging_node-15]         - /autoware/control/topic_rate_check/trajectory_follower ERROR
[logging_node-15]         - /autoware/control/topic_rate_check/control_command ERROR
[logging_node-15] 
[component_container-21] [WARN] [1787493280.336207051] [sensing.lidar.right.distortion_corrector_node]: Input pointcloud is empty.
[component_container_mt-1] [WARN] [1787493280.336700683] [sensing.lidar.concatenate_data]: Empty sensor points!
[component_container_mt-1] [WARN] [1787493280.612402269] [sensing.lidar.concatenate_data]: transformed_raw_points[/sensing/lidar/right/pointcloud_before_sync] is nullptr, skipping pointcloud publish.
[component_container_mt-1] [WARN] [1787493280.612449089] [sensing.lidar.concatenate_data]: transformed_raw_points[/sensing/lidar/top/pointcloud_before_sync] is nullptr, skipping pointcloud publish.
[component_container_mt-60] [INFO] [1787493281.145403159] [control.trajectory_follower.controller_node_exe]: Waiting for trajectory data
[component_container_mt-60] [INFO] [1787493281.145471639] [control.trajectory_follower.controller_node_exe]: Control is skipped since input data is not ready.
[component_container-8] [WARN] [1787493281.397124163] [system.topic_state_monitor_control_command_control_cmd]: /control/command/control_cmd topic is timeout. Set ERROR in diagnostics.
[component_container_mt-1] [WARN] [1787493281.764224283] [sensing.lidar.concatenate_data]: transformed_raw_points[/sensing/lidar/right/pointcloud_before_sync] is nullptr, skipping pointcloud publish.
[component_container_mt-1] [WARN] [1787493281.764276054] [sensing.lidar.concatenate_data]: transformed_raw_points[/sensing/lidar/top/pointcloud_before_sync] is nullptr, skipping pointcloud publish.
[component_container_mt-1] [WARN] [1787493281.809891530] [sensing.lidar.concatenate_data]: transformed_raw_points[/sensing/lidar/right/pointcloud_before_sync] is nullptr, skipping pointcloud publish.
[component_container_mt-1] [WARN] [1787493281.809956370] [sensing.lidar.concatenate_data]: transformed_raw_points[/sensing/lidar/left/pointcloud_before_sync] is nullptr, skipping pointcloud publish.
[component_container_mt-60] [WARN] [1787493281.859346511] [control.autoware_operation_mode_transition_manager]: Subscribed control_cmd is timed out.
[component_container_mt-1] [WARN] [1787493281.952825823] [sensing.lidar.concatenate_data]: transformed_raw_points[/sensing/lidar/left/pointcloud_before_sync] is nullptr, skipping pointcloud publish.
[autoware_ekf_localizer_node-29] [WARN] [1787493282.049950070] [localization.pose_twist_fusion_filter.ekf_localizer]: [EKF] Twist queue size (3) is exceeding max_queue_size (2). Consider increasing max_queue_size or reducing input frequency.
[component_container_mt-1] [WARN] [1787493282.052502799] [sensing.lidar.concatenate_data]: transformed_raw_points[/sensing/lidar/right/pointcloud_before_sync] is nullptr, skipping pointcloud publish.
[component_container_mt-1] [WARN] [1787493282.052557030] [sensing.lidar.concatenate_data]: transformed_raw_points[/sensing/lidar/top/pointcloud_before_sync] is nullptr, skipping pointcloud publish.
[component_container_mt-1] [WARN] [1787493282.108188815] [sensing.lidar.concatenate_data]: transformed_raw_points[/sensing/lidar/top/pointcloud_before_sync] is nullptr, skipping pointcloud publish.
[component_container_mt-1] [WARN] [1787493282.204485128] [sensing.lidar.concatenate_data]: transformed_raw_points[/sensing/lidar/right/pointcloud_before_sync] is nullptr, skipping pointcloud publish.
[component_container_mt-1] [WARN] [1787493282.440087151] [sensing.lidar.concatenate_data]: Empty sensor points!
[component_container_mt-1] [WARN] [1787493282.546684345] [sensing.lidar.concatenate_data]: transformed_raw_points[/sensing/lidar/left/pointcloud_before_sync] is nullptr, skipping pointcloud publish.
[component_container_mt-1] [WARN] [1787493282.637516626] [sensing.lidar.concatenate_data]: transformed_raw_points[/sensing/lidar/left/pointcloud_before_sync] is nullptr, skipping pointcloud publish.
[component_container_mt-1] [WARN] [1787493282.810302106] [sensing.lidar.concatenate_data]: transformed_raw_points[/sensing/lidar/left/pointcloud_before_sync] is nullptr, skipping pointcloud publish.
[component_container_mt-1] [WARN] [1787493282.909850252] [sensing.lidar.concatenate_data]: transformed_raw_points[/sensing/lidar/right/pointcloud_before_sync] is nullptr, skipping pointcloud publish.
[component_container_mt-1] [WARN] [1787493282.909918592] [sensing.lidar.concatenate_data]: transformed_raw_points[/sensing/lidar/left/pointcloud_before_sync] is nullptr, skipping pointcloud publish.
[component_container-8] [INFO] [1787493283.246069956] [system.topic_state_monitor_trajectory_follower_control_cmd]: /control/trajectory_follower/control_cmd has not received. Set ERROR in diagnostics.
[component_container_mt-1] [WARN] [1787493283.246749289] [sensing.lidar.concatenate_data]: transformed_raw_points[/sensing/lidar/left/pointcloud_before_sync] is nullptr, skipping pointcloud publish.
[component_container_mt-1] [WARN] [1787493283.343780855] [sensing.lidar.concatenate_data]: transformed_raw_points[/sensing/lidar/left/pointcloud_before_sync] is nullptr, skipping pointcloud publish.
[autoware_ndt_scan_matcher_node-25] [WARN] [1787493283.364387226] [localization.pose_estimator.ndt_scan_matcher]: Score is below the threshold. Score: 2.24064, Threshold: 2.3
[logging_node-15] [WARN] [1787493283.396147409] [logging_diag_graph]: The target mode is not available for the following reasons:
[logging_node-15] - /autoware/modes/autonomous ERROR
[logging_node-15]     - /autoware/localization ERROR
[logging_node-15]         - /autoware/localization/state STALE
[logging_node-15]     - /autoware/planning ERROR
[logging_node-15]         - /autoware/planning/routing/state ERROR
[logging_node-15]         - [anonymous group] ERROR
[logging_node-15]             - /autoware/planning/topic_rate_check/route ERROR
[logging_node-15]             - /autoware/planning/topic_rate_check/trajectory ERROR
[logging_node-15]             - /autoware/planning/trajectory_validation ERROR
[logging_node-15]     - /autoware/control ERROR
[logging_node-15]         - /autoware/control/topic_rate_check/trajectory_follower ERROR
[logging_node-15]         - /autoware/control/topic_rate_check/control_command ERROR
[logging_node-15]         - /autoware/control/performance_monitoring/control_state STALE
[logging_node-15] 
[component_container_mt-1] [WARN] [1787493283.508990597] [sensing.lidar.concatenate_data]: transformed_raw_points[/sensing/lidar/top/pointcloud_before_sync] is nullptr, skipping pointcloud publish.
[component_container_mt-1] [WARN] [1787493283.509044867] [sensing.lidar.concatenate_data]: transformed_raw_points[/sensing/lidar/left/pointcloud_before_sync] is nullptr, skipping pointcloud publish.
[component_container_mt-1] [WARN] [1787493283.604775809] [sensing.lidar.concatenate_data]: transformed_raw_points[/sensing/lidar/left/pointcloud_before_sync] is nullptr, skipping pointcloud publish.
[component_container_mt-54] [INFO] [1787493283.895048655] [planning.scenario_planning.lane_driving.behavior_planning.behavior_path_planner]: waiting for route
[component_container_mt-54] [INFO] [1787493283.895109365] [planning.scenario_planning.lane_driving.behavior_planning.behavior_path_planner]: waiting for scenario
[component_container_mt-1] [WARN] [1787493283.947373638] [sensing.lidar.concatenate_data]: transformed_raw_points[/sensing/lidar/left/pointcloud_before_sync] is nullptr, skipping pointcloud publish.
[component_container_mt-1] [WARN] [1787493284.035969212] [sensing.lidar.concatenate_data]: transformed_raw_points[/sensing/lidar/left/pointcloud_before_sync] is nullptr, skipping pointcloud publish.
[component_container_mt-61] [INFO] [1787493284.270296893] [control.trajectory_follower.lane_departure_checker_node]: waiting for route msg...
[component_container_mt-60] [INFO] [1787493284.304991858] [control.vehicle_cmd_gate]: The operation mode is changed, but the GearCommand is not received yet:
[component_container-8] [WARN] [1787493284.404920496] [system.topic_state_monitor_control_command_control_cmd]: /control/command/control_cmd topic is timeout. Set ERROR in diagnostics.
[autoware_scenario_selector_node-50] [INFO] [1787493284.492579457] [planning.scenario_planning.scenario_selector]: Waiting for route.
[autoware_ndt_scan_matcher_node-25] [WARN] [1787493284.546377886] [localization.pose_estimator.ndt_scan_matcher]: Score is below the threshold. Score: 2.11003, Threshold: 2.3
[component_container_mt-60] [WARN] [1787493284.957576655] [control.autoware_operation_mode_transition_manager]: Subscribed control_cmd is timed out.
[component_container_mt-61] [INFO] [1787493284.960009404] [control.autonomous_emergency_braking]: [AEB] waiting for control predicted trajectory
[component_container_mt-1] [WARN] [1787493285.552490710] [sensing.lidar.concatenate_data]: transformed_raw_points[/sensing/lidar/top/pointcloud_before_sync] is nullptr, skipping pointcloud publish.
[autoware_ekf_localizer_node-29] [WARN] [1787493285.584967556] [localization.pose_twist_fusion_filter.ekf_localizer]: The Mahalanobis distance 133.1399 is over the limit 49.5000.
[component_container_mt-1] [WARN] [1787493285.608476198] [sensing.lidar.concatenate_data]: transformed_raw_points[/sensing/lidar/top/pointcloud_before_sync] is nullptr, skipping pointcloud publish.
[autoware_ndt_scan_matcher_node-25] [WARN] [1787493285.769098413] [localization.pose_estimator.ndt_scan_matcher]: Score is below the threshold. Score: 2.14867, Threshold: 2.3
[component_container_mt-60] [INFO] [1787493286.155901369] [control.trajectory_follower.controller_node_exe]: Waiting for trajectory data
[component_container_mt-60] [INFO] [1787493286.155964100] [control.trajectory_follower.controller_node_exe]: Control is skipped since input data is not ready.
[component_container-8] [INFO] [1787493286.300201082] [system.topic_state_monitor_scenario_planning_trajectory]: /planning/trajectory has not received. Set ERROR in diagnostics.
[logging_node-15] [WARN] [1787493286.398297945] [logging_diag_graph]: The target mode is not available for the following reasons:
[logging_node-15] - /autoware/modes/autonomous ERROR
[logging_node-15]     - /autoware/localization ERROR
[logging_node-15]         - /autoware/localization/state STALE
[logging_node-15]         - [anonymous group] ERROR
[logging_node-15]             - /autoware/localization/scan_matching_status WARN 
[logging_node-15]             - /autoware/localization/sensor_fusion_status ERROR
[logging_node-15]     - /autoware/planning ERROR
[logging_node-15]         - /autoware/planning/routing/state ERROR
[logging_node-15]         - [anonymous group] ERROR
[logging_node-15]             - /autoware/planning/topic_rate_check/route ERROR
[logging_node-15]             - /autoware/planning/topic_rate_check/trajectory ERROR
[logging_node-15]             - /autoware/planning/trajectory_validation ERROR
[logging_node-15]     - /autoware/control ERROR
[logging_node-15]         - /autoware/control/topic_rate_check/trajectory_follower ERROR
[logging_node-15]         - /autoware/control/topic_rate_check/control_command ERROR
[logging_node-15]         - /autoware/control/performance_monitoring/control_state STALE
[logging_node-15] 
[component_container_mt-1] [WARN] [1787493286.609407527] [sensing.lidar.concatenate_data]: transformed_raw_points[/sensing/lidar/left/pointcloud_before_sync] is nullptr, skipping pointcloud publish.
[autoware_ndt_scan_matcher_node-25] [WARN] [1787493286.853064907] [localization.pose_estimator.ndt_scan_matcher]: Score is below the threshold. Score: 2.13066, Threshold: 2.3
[component_container-8] [WARN] [1787493287.500123913] [system.topic_state_monitor_control_command_control_cmd]: /control/command/control_cmd topic is timeout. Set ERROR in diagnostics.
[component_container_mt-1] [WARN] [1787493287.840805843] [sensing.lidar.concatenate_data]: transformed_raw_points[/sensing/lidar/left/pointcloud_before_sync] is nullptr, skipping pointcloud publish.
[autoware_ndt_scan_matcher_node-25] [WARN] [1787493287.856358044] [localization.pose_estimator.ndt_scan_matcher]: Score is below the threshold. Score: 2.13439, Threshold: 2.3
[component_container_mt-1] [WARN] [1787493287.940987584] [sensing.lidar.concatenate_data]: transformed_raw_points[/sensing/lidar/left/pointcloud_before_sync] is nullptr, skipping pointcloud publish.
[component_container_mt-1] [WARN] [1787493288.008944589] [sensing.lidar.concatenate_data]: transformed_raw_points[/sensing/lidar/left/pointcloud_before_sync] is nullptr, skipping pointcloud publish.
[component_container_mt-60] [WARN] [1787493288.059072775] [control.autoware_operation_mode_transition_manager]: Subscribed control_cmd is timed out.
[autoware_pose_initializer_node-27] [INFO] [1787493288.162019018] [localization.util.pose_initializer]: EKF triggering service is available!
[autoware_pose_initializer_node-27] [INFO] [1787493288.162246889] [localization.util.pose_initializer]: EKF Deactivation succeeded
[autoware_pose_initializer_node-27] [INFO] [1787493288.162370299] [localization.util.pose_initializer]: NDT triggering service is available!
[autoware_pose_initializer_node-27] [INFO] [1787493288.163109572] [localization.util.pose_initializer]: NDT Deactivation succeeded
[autoware_pose_initializer_node-27] [INFO] [1787493288.163166212] [localization.util.pose_initializer]: fit_target: pointcloud_map, frame: map
[autoware_ekf_localizer_node-29] [WARN] [1787493288.168868794] [localization.pose_twist_fusion_filter.ekf_localizer]: The node is not activated. Provide initial pose to pose_initializer
[component_container_mt-63] [INFO] [1787493288.190790070] [adapi.node.autoware_state]: AutowareState: WaitingForRoute => Initializing
[component_container_mt-1] [WARN] [1787493288.345961977] [sensing.lidar.concatenate_data]: transformed_raw_points[/sensing/lidar/right/pointcloud_before_sync] is nullptr, skipping pointcloud publish.
[component_container_mt-1] [WARN] [1787493288.346016397] [sensing.lidar.concatenate_data]: transformed_raw_points[/sensing/lidar/left/pointcloud_before_sync] is nullptr, skipping pointcloud publish.
[component_container_mt-1] [WARN] [1787493288.442293614] [sensing.lidar.concatenate_data]: transformed_raw_points[/sensing/lidar/top/pointcloud_before_sync] is nullptr, skipping pointcloud publish.
[component_container_mt-1] [WARN] [1787493288.442356874] [sensing.lidar.concatenate_data]: transformed_raw_points[/sensing/lidar/left/pointcloud_before_sync] is nullptr, skipping pointcloud publish.
[component_container_mt-1] [WARN] [1787493288.544453623] [sensing.lidar.concatenate_data]: transformed_raw_points[/sensing/lidar/left/pointcloud_before_sync] is nullptr, skipping pointcloud publish.
[component_container_mt-1] [WARN] [1787493288.637502797] [sensing.lidar.concatenate_data]: transformed_raw_points[/sensing/lidar/right/pointcloud_before_sync] is nullptr, skipping pointcloud publish.
[component_container_mt-1] [WARN] [1787493288.846893666] [sensing.lidar.concatenate_data]: transformed_raw_points[/sensing/lidar/right/pointcloud_before_sync] is nullptr, skipping pointcloud publish.
[component_container_mt-1] [WARN] [1787493288.846956056] [sensing.lidar.concatenate_data]: transformed_raw_points[/sensing/lidar/left/pointcloud_before_sync] is nullptr, skipping pointcloud publish.
[component_container_mt-1] [WARN] [1787493288.903828638] [sensing.lidar.concatenate_data]: transformed_raw_points[/sensing/lidar/right/pointcloud_before_sync] is nullptr, skipping pointcloud publish.
[component_container_mt-1] [WARN] [1787493288.954615627] [lidar_centerpoint]: Lookup would require extrapolation into the future.  Requested time 5771.017613 but the latest data is at time 5770.959703, when looking up transform from frame [map] to frame [base_link]
[component_container_mt-1] [WARN] [1787493288.954617167] [perception.occupancy_grid_map.occupancy_grid_map_node]: Lookup would require extrapolation into the future.  Requested time 5771.017613 but the latest data is at time 5770.959703, when looking up transform from frame [base_link] to frame [map]
[component_container_mt-1] [WARN] [1787493288.954658567] [lidar_centerpoint]: Fail to preprocess and skip to detect.
[component_container_mt-54] [INFO] [1787493288.969398965] [planning.scenario_planning.lane_driving.behavior_planning.behavior_path_planner]: waiting for route
[component_container_mt-54] [INFO] [1787493288.969450485] [planning.scenario_planning.lane_driving.behavior_planning.behavior_path_planner]: waiting for scenario
[traffic_light_map_based_detector_node-39] [WARN] [1787493289.046028954] [perception.traffic_light_recognition.traffic_light.detection.traffic_light_map_based_detector]: failed to get transform from map frame to camera frame
[component_container_mt-61] [INFO] [1787493289.277883842] [control.trajectory_follower.lane_departure_checker_node]: waiting for route msg...
[component_container_mt-60] [INFO] [1787493289.335462718] [control.vehicle_cmd_gate]: The operation mode is changed, but the GearCommand is not received yet:
[component_container-8] [INFO] [1787493289.345700498] [system.topic_state_monitor_trajectory_follower_control_cmd]: /control/trajectory_follower/control_cmd has not received. Set ERROR in diagnostics.
[component_container_mt-1] [WARN] [1787493289.347371824] [sensing.lidar.concatenate_data]: transformed_raw_points[/sensing/lidar/right/pointcloud_before_sync] is nullptr, skipping pointcloud publish.
[component_container_mt-1] [WARN] [1787493289.412183138] [sensing.lidar.concatenate_data]: transformed_raw_points[/sensing/lidar/right/pointcloud_before_sync] is nullptr, skipping pointcloud publish.
[component_container_mt-1] [WARN] [1787493289.463190248] [perception.occupancy_grid_map.occupancy_grid_map_node]: Lookup would require extrapolation into the future.  Requested time 5771.717613 but the latest data is at time 5770.959703, when looking up transform from frame [base_link] to frame [map]
[component_container_mt-1] [WARN] [1787493289.489320390] [lidar_centerpoint]: Lookup would require extrapolation into the future.  Requested time 5771.117613 but the latest data is at time 5770.959703, when looking up transform from frame [map] to frame [base_link]
[component_container_mt-1] [WARN] [1787493289.489365990] [lidar_centerpoint]: Fail to preprocess and skip to detect.
[component_container_mt-1] [WARN] [1787493289.495245433] [sensing.lidar.concatenate_data]: transformed_raw_points[/sensing/lidar/right/pointcloud_before_sync] is nullptr, skipping pointcloud publish.
[logging_node-15] [WARN] [1787493289.607424513] [logging_diag_graph]: The target mode is not available for the following reasons:
[logging_node-15] - /autoware/modes/autonomous ERROR
[logging_node-15]     - /autoware/localization ERROR
[logging_node-15]         - /autoware/localization/state ERROR
[logging_node-15]         - [anonymous group] ERROR
[logging_node-15]             - /autoware/localization/topic_rate_check/transform ERROR
[logging_node-15]             - /autoware/localization/topic_rate_check/pose_twist_fusion ERROR
[logging_node-15]             - /autoware/localization/scan_matching_status WARN 
[logging_node-15]             - /autoware/localization/accuracy STALE
[logging_node-15]             - /autoware/localization/sensor_fusion_status WARN 
[logging_node-15]     - /autoware/planning ERROR
[logging_node-15]         - /autoware/planning/routing/state ERROR
[logging_node-15]         - [anonymous group] ERROR
[logging_node-15]             - /autoware/planning/topic_rate_check/route ERROR
[logging_node-15]             - /autoware/planning/topic_rate_check/trajectory ERROR
[logging_node-15]     - /autoware/perception ERROR
[logging_node-15]         - /autoware/perception/topic_rate_check/pointcloud ERROR
[logging_node-15]     - /autoware/control ERROR
[logging_node-15]         - /autoware/control/topic_rate_check/trajectory_follower ERROR
[logging_node-15]         - /autoware/control/topic_rate_check/control_command ERROR
[logging_node-15] 
[autoware_scenario_selector_node-50] [INFO] [1787493289.607937835] [planning.scenario_planning.scenario_selector]: Waiting for route.
[component_container_mt-1] [WARN] [1787493289.843715218] [sensing.lidar.concatenate_data]: transformed_raw_points[/sensing/lidar/right/pointcloud_before_sync] is nullptr, skipping pointcloud publish.
[component_container_mt-1] [WARN] [1787493289.843834788] [sensing.lidar.concatenate_data]: transformed_raw_points[/sensing/lidar/left/pointcloud_before_sync] is nullptr, skipping pointcloud publish.
[component_container_mt-1] [WARN] [1787493289.897838290] [sensing.lidar.concatenate_data]: transformed_raw_points[/sensing/lidar/top/pointcloud_before_sync] is nullptr, skipping pointcloud publish.
[component_container_mt-1] [WARN] [1787493289.972422742] [perception.occupancy_grid_map.occupancy_grid_map_node]: Lookup would require extrapolation into the future.  Requested time 5772.017613 but the latest data is at time 5770.959703, when looking up transform from frame [base_link] to frame [map]
[component_container_mt-1] [WARN] [1787493290.002617560] [lidar_centerpoint]: Lookup would require extrapolation into the future.  Requested time 5771.517613 but the latest data is at time 5770.959703, when looking up transform from frame [map] to frame [base_link]
[component_container_mt-1] [WARN] [1787493290.002644780] [lidar_centerpoint]: Fail to preprocess and skip to detect.
[component_container_mt-61] [INFO] [1787493290.055617518] [control.autonomous_emergency_braking]: [AEB] waiting for control predicted trajectory
[autoware_ekf_localizer_node-29] [WARN] [1787493290.194763664] [localization.pose_twist_fusion_filter.ekf_localizer]: The node is not activated. Provide initial pose to pose_initializer
[component_container_mt-1] [WARN] [1787493290.396433095] [sensing.lidar.concatenate_data]: transformed_raw_points[/sensing/lidar/left/pointcloud_before_sync] is nullptr, skipping pointcloud publish.
[component_container_mt-1] [WARN] [1787493290.542233716] [perception.occupancy_grid_map.occupancy_grid_map_node]: Lookup would require extrapolation into the future.  Requested time 5772.717613 but the latest data is at time 5770.959703, when looking up transform from frame [base_link] to frame [map]
[component_container_mt-1] [WARN] [1787493290.545644410] [lidar_centerpoint]: Lookup would require extrapolation into the future.  Requested time 5772.117613 but the latest data is at time 5770.959703, when looking up transform from frame [map] to frame [base_link]
[component_container_mt-1] [WARN] [1787493290.545688690] [lidar_centerpoint]: Fail to preprocess and skip to detect.
[component_container-8] [WARN] [1787493290.551651693] [system.topic_state_monitor_transform_map_to_base_link]: /tf topic is timeout. Set ERROR in diagnostics.
[autoware_pose_initializer_node-27] [INFO] [1787493290.877754212] [localization.util.pose_initializer]: Call align server.
[component_container_mt-1] [WARN] [1787493290.898082591] [sensing.lidar.concatenate_data]: transformed_raw_points[/sensing/lidar/left/pointcloud_before_sync] is nullptr, skipping pointcloud publish.
[component_container_mt-1] [WARN] [1787493291.037557819] [perception.occupancy_grid_map.occupancy_grid_map_node]: Lookup would require extrapolation into the future.  Requested time 5773.317613 but the latest data is at time 5770.959703, when looking up transform from frame [base_link] to frame [map]
[component_container_mt-1] [WARN] [1787493291.047243877] [lidar_centerpoint]: Lookup would require extrapolation into the future.  Requested time 5772.817613 but the latest data is at time 5770.959703, when looking up transform from frame [map] to frame [base_link]
[component_container_mt-1] [WARN] [1787493291.047276877] [lidar_centerpoint]: Fail to preprocess and skip to detect.
[component_container_mt-60] [WARN] [1787493291.151775097] [control.autoware_operation_mode_transition_manager]: Subscribed kinematics is timed out.
[component_container_mt-60] [WARN] [1787493291.151856037] [control.autoware_operation_mode_transition_manager]: Subscribed control_cmd is timed out.
[component_container_mt-60] [INFO] [1787493291.187544208] [control.trajectory_follower.controller_node_exe]: Waiting for trajectory data
[component_container_mt-60] [INFO] [1787493291.187608978] [control.trajectory_follower.controller_node_exe]: Control is skipped since input data is not ready.
[component_container_mt-1] [WARN] [1787493291.403775257] [sensing.lidar.concatenate_data]: transformed_raw_points[/sensing/lidar/top/pointcloud_before_sync] is nullptr, skipping pointcloud publish.
[component_container_mt-1] [WARN] [1787493291.403839677] [sensing.lidar.concatenate_data]: transformed_raw_points[/sensing/lidar/left/pointcloud_before_sync] is nullptr, skipping pointcloud publish.
[component_container_mt-1] [WARN] [1787493291.503885970] [sensing.lidar.concatenate_data]: transformed_raw_points[/sensing/lidar/left/pointcloud_before_sync] is nullptr, skipping pointcloud publish.
[component_container_mt-1] [WARN] [1787493291.545725754] [perception.occupancy_grid_map.occupancy_grid_map_node]: Lookup would require extrapolation into the future.  Requested time 5773.517613 but the latest data is at time 5770.959703, when looking up transform from frame [base_link] to frame [map]
[component_container_mt-1] [WARN] [1787493291.548963327] [lidar_centerpoint]: Lookup would require extrapolation into the future.  Requested time 5773.217613 but the latest data is at time 5770.959703, when looking up transform from frame [map] to frame [base_link]
[component_container_mt-1] [WARN] [1787493291.548983827] [lidar_centerpoint]: Fail to preprocess and skip to detect.
[component_container_mt-1] [WARN] [1787493292.070194484] [perception.occupancy_grid_map.occupancy_grid_map_node]: Lookup would require extrapolation into the future.  Requested time 5774.117613 but the latest data is at time 5770.959703, when looking up transform from frame [base_link] to frame [map]
[component_container_mt-1] [WARN] [1787493292.090034122] [lidar_centerpoint]: Lookup would require extrapolation into the future.  Requested time 5773.417613 but the latest data is at time 5770.959703, when looking up transform from frame [map] to frame [base_link]
[component_container_mt-1] [WARN] [1787493292.090067222] [lidar_centerpoint]: Fail to preprocess and skip to detect.
[autoware_ekf_localizer_node-29] [WARN] [1787493292.189512233] [localization.pose_twist_fusion_filter.ekf_localizer]: The node is not activated. Provide initial pose to pose_initializer
[component_container_mt-1] [WARN] [1787493292.234215259] [sensing.lidar.concatenate_data]: transformed_raw_points[/sensing/lidar/right/pointcloud_before_sync] is nullptr, skipping pointcloud publish.
[component_container_mt-1] [WARN] [1787493292.234267439] [sensing.lidar.concatenate_data]: transformed_raw_points[/sensing/lidar/left/pointcloud_before_sync] is nullptr, skipping pointcloud publish.
[component_container_mt-1] [WARN] [1787493292.292141427] [sensing.lidar.concatenate_data]: transformed_raw_points[/sensing/lidar/top/pointcloud_before_sync] is nullptr, skipping pointcloud publish.
[component_container-8] [INFO] [1787493292.351816802] [system.topic_state_monitor_mission_planning_route]: /planning/mission_planning/route has not received. Set ERROR in diagnostics.
[component_container_mt-1] [WARN] [1787493292.442383088] [sensing.lidar.concatenate_data]: transformed_raw_points[/sensing/lidar/right/pointcloud_before_sync] is nullptr, skipping pointcloud publish.
[component_container_mt-1] [WARN] [1787493292.442441578] [sensing.lidar.concatenate_data]: transformed_raw_points[/sensing/lidar/left/pointcloud_before_sync] is nullptr, skipping pointcloud publish.
[component_container_mt-1] [WARN] [1787493292.535563874] [sensing.lidar.concatenate_data]: transformed_raw_points[/sensing/lidar/right/pointcloud_before_sync] is nullptr, skipping pointcloud publish.
[component_container_mt-1] [WARN] [1787493292.535655615] [sensing.lidar.concatenate_data]: transformed_raw_points[/sensing/lidar/left/pointcloud_before_sync] is nullptr, skipping pointcloud publish.
[component_container_mt-1] [WARN] [1787493292.561132935] [perception.occupancy_grid_map.occupancy_grid_map_node]: Lookup would require extrapolation into the future.  Requested time 5774.717613 but the latest data is at time 5770.959703, when looking up transform from frame [base_link] to frame [map]
[component_container_mt-1] [WARN] [1787493292.598291461] [lidar_centerpoint]: Lookup would require extrapolation into the future.  Requested time 5774.017613 but the latest data is at time 5770.959703, when looking up transform from frame [map] to frame [base_link]
[component_container_mt-1] [WARN] [1787493292.598314541] [lidar_centerpoint]: Fail to preprocess and skip to detect.
[component_container_mt-1] [WARN] [1787493292.639686704] [sensing.lidar.concatenate_data]: transformed_raw_points[/sensing/lidar/left/pointcloud_before_sync] is nullptr, skipping pointcloud publish.
[component_container_mt-1] [WARN] [1787493293.034982579] [sensing.lidar.concatenate_data]: transformed_raw_points[/sensing/lidar/left/pointcloud_before_sync] is nullptr, skipping pointcloud publish.
[component_container_mt-1] [WARN] [1787493293.061527753] [perception.occupancy_grid_map.occupancy_grid_map_node]: Lookup would require extrapolation into the future.  Requested time 5775.117613 but the latest data is at time 5770.959703, when looking up transform from frame [base_link] to frame [map]
[component_container_mt-1] [WARN] [1787493293.099328712] [lidar_centerpoint]: Lookup would require extrapolation into the future.  Requested time 5774.717613 but the latest data is at time 5770.959703, when looking up transform from frame [map] to frame [base_link]
[component_container_mt-1] [WARN] [1787493293.099355002] [lidar_centerpoint]: Fail to preprocess and skip to detect.
[logging_node-15] [WARN] [1787493293.401139631] [logging_diag_graph]: The target mode is not available for the following reasons:
[logging_node-15] - /autoware/modes/autonomous ERROR
[logging_node-15]     - /autoware/localization ERROR
[logging_node-15]         - /autoware/localization/state ERROR
[logging_node-15]         - [anonymous group] ERROR
[logging_node-15]             - /autoware/localization/topic_rate_check/transform ERROR
[logging_node-15]             - /autoware/localization/topic_rate_check/pose_twist_fusion ERROR
[logging_node-15]             - /autoware/localization/scan_matching_status STALE
[logging_node-15]             - /autoware/localization/accuracy STALE
[logging_node-15]             - /autoware/localization/sensor_fusion_status WARN 
[logging_node-15]     - /autoware/planning ERROR
[logging_node-15]         - /autoware/planning/routing/state ERROR
[logging_node-15]         - [anonymous group] ERROR
[logging_node-15]             - /autoware/planning/topic_rate_check/route ERROR
[logging_node-15]             - /autoware/planning/topic_rate_check/trajectory ERROR
[logging_node-15]             - /autoware/planning/trajectory_validation ERROR
[logging_node-15]     - /autoware/perception ERROR
[logging_node-15]         - /autoware/perception/topic_rate_check/pointcloud ERROR
[logging_node-15]     - /autoware/control ERROR
[logging_node-15]         - /autoware/control/topic_rate_check/trajectory_follower ERROR
[logging_node-15]         - /autoware/control/topic_rate_check/control_command ERROR
[logging_node-15]         - /autoware/control/performance_monitoring/control_state STALE
[logging_node-15] 
[component_container_mt-1] [WARN] [1787493293.403293259] [sensing.lidar.concatenate_data]: transformed_raw_points[/sensing/lidar/left/pointcloud_before_sync] is nullptr, skipping pointcloud publish.
[autoware_pose_initializer_node-27] [INFO] [1787493293.506888297] [localization.util.pose_initializer]: align server succeeded.
[autoware_pose_initializer_node-27] [INFO] [1787493293.507595360] [localization.util.pose_initializer]: EKF triggering service is available!
[autoware_pose_initializer_node-27] [INFO] [1787493293.507796181] [localization.util.pose_initializer]: EKF Activation succeeded
[autoware_pose_initializer_node-27] [INFO] [1787493293.507907121] [localization.util.pose_initializer]: NDT triggering service is available!
[autoware_pose_initializer_node-27] [INFO] [1787493293.508469693] [localization.util.pose_initializer]: NDT Activation succeeded
[autoware_ndt_scan_matcher_node-25] [INFO] [1787493293.536561804] [localization.pose_estimator.ndt_scan_matcher]: pose_buffer_.size() < 2
[component_container-8] [WARN] [1787493293.553995113] [system.topic_state_monitor_obstacle_segmentation_pointcloud]: /perception/obstacle_segmentation/pointcloud topic rate has dropped to the warning level. Set WARN in diagnostics.
[component_container_mt-63] [INFO] [1787493293.586253590] [adapi.node.autoware_state]: AutowareState: Initializing => WaitingForRoute
[component_container_mt-54] [INFO] [1787493293.992898451] [planning.scenario_planning.lane_driving.behavior_planning.behavior_path_planner]: waiting for route
[component_container_mt-54] [INFO] [1787493293.992955801] [planning.scenario_planning.lane_driving.behavior_planning.behavior_path_planner]: waiting for scenario
[component_container_mt-60] [WARN] [1787493294.157924972] [control.autoware_operation_mode_transition_manager]: Subscribed control_cmd is timed out.
[component_container_mt-61] [INFO] [1787493294.293135765] [control.trajectory_follower.lane_departure_checker_node]: waiting for route msg...
[component_container_mt-60] [INFO] [1787493294.337791492] [control.vehicle_cmd_gate]: The operation mode is changed, but the GearCommand is not received yet:
[autoware_scenario_selector_node-50] [INFO] [1787493294.702757071] [planning.scenario_planning.scenario_selector]: Waiting for route.
[component_container_mt-1] [WARN] [1787493294.806573550] [sensing.lidar.concatenate_data]: transformed_raw_points[/sensing/lidar/left/pointcloud_before_sync] is nullptr, skipping pointcloud publish.
[component_container_mt-61] [INFO] [1787493295.060984114] [control.autonomous_emergency_braking]: [AEB] waiting for control predicted trajectory
[component_container-8] [INFO] [1787493295.393487897] [system.topic_state_monitor_scenario_planning_trajectory]: /planning/trajectory has not received. Set ERROR in diagnostics.
[component_container_mt-48] [INFO] [1787493295.550674238] [planning.mission_planning.mission_planner]: Planned lanelet id: 255
[component_container_mt-48] [INFO] [1787493295.550730119] [planning.mission_planning.mission_planner]: Planned lanelet id: 456
[component_container_mt-48] [INFO] [1787493295.550742529] [planning.mission_planning.mission_planner]: Planned lanelet id: 281
[component_container_mt-48] [INFO] [1787493295.550931669] [route_handler]: getMainLanelets: lanelet_sequence = [ids: 255 456 281 ]
[component_container_mt-48] [INFO] [1787493295.550962269] [planning.mission_planning.mission_planner]: [DefaultPlanner] Route segments for message: total=3 (lane_segments=3, area_segments=0)
[component_container_mt-48] [INFO] [1787493295.551263911] [planning.mission_planning.mission_planner]: [MissionPlanner] Publishing route: segments=3 (lane=3, area=0)
[component_container_mt-48] [INFO] [1787493295.552103874] [planning.mission_planning.mission_planner]: Route set via set_waypoint_route
[component_container_mt-48] [INFO] [1787493295.552120834] [planning.mission_planning.mission_planner]: Initial pose - x: 81380.728782, y: 49918.796258, z: 41.260466
[component_container_mt-48] [INFO] [1787493295.552134474] [planning.mission_planning.mission_planner]: Initial orientation - qx: 0.005281, qy: -0.004876, qz: 0.300589, qw: 0.953727
[component_container_mt-48] [INFO] [1787493295.552144284] [planning.mission_planning.mission_planner]: Goal pose - x: 81470.300000, y: 49980.100000, z: 41.500000
[component_container_mt-48] [INFO] [1787493295.552155234] [planning.mission_planning.mission_planner]: Goal orientation - qx: 0.000000, qy: 0.000000, qz: 0.295520, qw: 0.955336
[autoware_manual_lane_change_handler_node-47] [INFO] [1787493295.551472621] [ManualLaneChangeHandler]: Received new route with 3 segments
[component_container_mt-61] [INFO] [1787493295.568992511] [control.trajectory_follower.lane_departure_checker_node]: waiting for reference_trajectory msg...
[component_container_mt-63] [INFO] [1787493295.569322532] [adapi.node.autoware_state]: AutowareState: WaitingForRoute => Planning
[autoware_ekf_localizer_node-29] [WARN] [1787493295.943907141] [localization.pose_twist_fusion_filter.ekf_localizer]: [EKF] Twist queue size (3) is exceeding max_queue_size (2). Consider increasing max_queue_size or reducing input frequency.
[component_container_mt-60] [INFO] [1787493296.199552732] [control.trajectory_follower.controller_node_exe]: Waiting for trajectory data
[component_container_mt-60] [INFO] [1787493296.199640162] [control.trajectory_follower.controller_node_exe]: Control is skipped since input data is not ready.
[logging_node-15] [WARN] [1787493296.497769572] [logging_diag_graph]: The target mode is not available for the following reasons:
[logging_node-15] - /autoware/modes/autonomous ERROR
[logging_node-15]     - /autoware/planning ERROR
[logging_node-15]         - [anonymous group] ERROR
[logging_node-15]             - /autoware/planning/topic_rate_check/trajectory ERROR
[logging_node-15]     - /autoware/control ERROR
[logging_node-15]         - /autoware/control/topic_rate_check/trajectory_follower ERROR
[logging_node-15]         - /autoware/control/topic_rate_check/control_command ERROR
[logging_node-15] 
[component_container-8] [WARN] [1787493296.600303417] [system.topic_state_monitor_control_command_control_cmd]: /control/command/control_cmd topic is timeout. Set ERROR in diagnostics.
[component_container_mt-1] [WARN] [1787493296.635531437] [sensing.lidar.concatenate_data]: transformed_raw_points[/sensing/lidar/right/pointcloud_before_sync] is nullptr, skipping pointcloud publish.
[component_container_mt-1] [WARN] [1787493296.635589417] [sensing.lidar.concatenate_data]: transformed_raw_points[/sensing/lidar/left/pointcloud_before_sync] is nullptr, skipping pointcloud publish.
[component_container_mt-1] [WARN] [1787493296.693694927] [sensing.lidar.concatenate_data]: transformed_raw_points[/sensing/lidar/right/pointcloud_before_sync] is nullptr, skipping pointcloud publish.
[component_container_mt-54] [INFO] [1787493296.777417548] [planning.scenario_planning.lane_driving.behavior_planning.behavior_path_planner.bidirectional_traffic]: Found 0 bidirectional lanes
[component_container_mt-1] [WARN] [1787493296.796601904] [sensing.lidar.concatenate_data]: transformed_raw_points[/sensing/lidar/left/pointcloud_before_sync] is nullptr, skipping pointcloud publish.
[component_container_mt-1] [WARN] [1787493296.909042199] [sensing.lidar.concatenate_data]: transformed_raw_points[/sensing/lidar/left/pointcloud_before_sync] is nullptr, skipping pointcloud publish.
[component_container_mt-1] [WARN] [1787493297.038865512] [sensing.lidar.concatenate_data]: transformed_raw_points[/sensing/lidar/right/pointcloud_before_sync] is nullptr, skipping pointcloud publish.
[component_container_mt-1] [WARN] [1787493297.038946272] [sensing.lidar.concatenate_data]: transformed_raw_points[/sensing/lidar/left/pointcloud_before_sync] is nullptr, skipping pointcloud publish.
[component_container_mt-1] [WARN] [1787493297.150503224] [sensing.lidar.concatenate_data]: transformed_raw_points[/sensing/lidar/right/pointcloud_before_sync] is nullptr, skipping pointcloud publish.
[component_container_mt-1] [WARN] [1787493297.150560805] [sensing.lidar.concatenate_data]: transformed_raw_points[/sensing/lidar/left/pointcloud_before_sync] is nullptr, skipping pointcloud publish.
[component_container_mt-1] [WARN] [1787493297.205914554] [sensing.lidar.concatenate_data]: transformed_raw_points[/sensing/lidar/right/pointcloud_before_sync] is nullptr, skipping pointcloud publish.
[component_container_mt-1] [WARN] [1787493297.205982214] [sensing.lidar.concatenate_data]: transformed_raw_points[/sensing/lidar/left/pointcloud_before_sync] is nullptr, skipping pointcloud publish.
[component_container_mt-60] [WARN] [1787493297.249872128] [control.autoware_operation_mode_transition_manager]: Subscribed control_cmd is timed out.
[component_container_mt-1] [WARN] [1787493297.343999851] [sensing.lidar.concatenate_data]: transformed_raw_points[/sensing/lidar/right/pointcloud_before_sync] is nullptr, skipping pointcloud publish.
[component_container_mt-1] [WARN] [1787493297.344054911] [sensing.lidar.concatenate_data]: transformed_raw_points[/sensing/lidar/top/pointcloud_before_sync] is nullptr, skipping pointcloud publish.
[component_container_mt-1] [WARN] [1787493297.444785710] [sensing.lidar.concatenate_data]: transformed_raw_points[/sensing/lidar/right/pointcloud_before_sync] is nullptr, skipping pointcloud publish.
[component_container_mt-1] [WARN] [1787493297.444850640] [sensing.lidar.concatenate_data]: transformed_raw_points[/sensing/lidar/left/pointcloud_before_sync] is nullptr, skipping pointcloud publish.
[component_container_mt-1] [WARN] [1787493297.545759050] [sensing.lidar.concatenate_data]: transformed_raw_points[/sensing/lidar/right/pointcloud_before_sync] is nullptr, skipping pointcloud publish.
[component_container_mt-1] [WARN] [1787493297.545840440] [sensing.lidar.concatenate_data]: transformed_raw_points[/sensing/lidar/left/pointcloud_before_sync] is nullptr, skipping pointcloud publish.
[component_container_mt-1] [WARN] [1787493297.640612396] [sensing.lidar.concatenate_data]: transformed_raw_points[/sensing/lidar/right/pointcloud_before_sync] is nullptr, skipping pointcloud publish.
[component_container_mt-1] [WARN] [1787493297.740067070] [sensing.lidar.concatenate_data]: transformed_raw_points[/sensing/lidar/left/pointcloud_before_sync] is nullptr, skipping pointcloud publish.
[component_container_mt-54] [INFO] [1787493297.804270984] [planning.scenario_planning.lane_driving.behavior_planning.behavior_velocity_planner]: 
[component_container_mt-54] === BEHAVIOR VELOCITY PLANNER MODULE REGISTRATION ===
[component_container_mt-54] Module Name: curve_slowdown
[component_container_mt-54] Module ID: 0
[component_container_mt-54] Ego position: (81380.73, 49918.80, 41.26), velocity: (0.00, 0.00) m/s (stopped)
[component_container_mt-54] Registered Module IDs: [0]
[component_container_mt-54] ========================================================
[component_container_mt-54] 
[component_container_mt-54] [INFO] [1787493297.810052877] [planning.scenario_planning.lane_driving.behavior_planning.behavior_velocity_planner]: 
[component_container_mt-54] === BEHAVIOR VELOCITY PLANNER MODULE REGISTRATION ===
[component_container_mt-54] Module Name: crosswalk
[component_container_mt-54] Module ID: 593
[component_container_mt-54] Ego position: (81380.73, 49918.80, 41.26), velocity: (0.00, 0.00) m/s (stopped)
[component_container_mt-54] Registered Module IDs: [593]
[component_container_mt-54] ========================================================
[component_container_mt-54] 
[component_container_mt-54] [INFO] [1787493297.811112141] [planning.scenario_planning.lane_driving.behavior_planning.behavior_velocity_planner]: 
[component_container_mt-54] === BEHAVIOR VELOCITY PLANNER MODULE REGISTRATION ===
[component_container_mt-54] Module Name: crosswalk
[component_container_mt-54] Module ID: 595
[component_container_mt-54] Ego position: (81380.73, 49918.80, 41.26), velocity: (0.00, 0.00) m/s (stopped)
[component_container_mt-54] Registered Module IDs: [593, 595]
[component_container_mt-54] ========================================================
[component_container_mt-54] 
[component_container_mt-54] [INFO] [1787493297.819996976] [planning.scenario_planning.lane_driving.behavior_planning.behavior_velocity_planner]: 
[component_container_mt-54] === BEHAVIOR VELOCITY PLANNER MODULE REGISTRATION ===
[component_container_mt-54] Module Name: traffic_light
[component_container_mt-54] Module ID: 456
[component_container_mt-54] Ego position: (81380.73, 49918.80, 41.26), velocity: (0.00, 0.00) m/s (stopped)
[component_container_mt-54] Registered Module IDs: [456]
[component_container_mt-54] ========================================================
[component_container_mt-54] 
[component_container_mt-54] [INFO] [1787493297.823059238] [planning.scenario_planning.lane_driving.behavior_planning.behavior_velocity_planner]: 
[component_container_mt-54] === BEHAVIOR VELOCITY PLANNER MODULE REGISTRATION ===
[component_container_mt-54] Module Name: intersection
[component_container_mt-54] Module ID: 456
[component_container_mt-54] Ego position: (81380.73, 49918.80, 41.26), velocity: (0.00, 0.00) m/s (stopped)
[component_container_mt-54] Registered Module IDs: [456]
[component_container_mt-54] ========================================================
[component_container_mt-54] 
[component_container_mt-1] [WARN] [1787493297.846626062] [sensing.lidar.concatenate_data]: transformed_raw_points[/sensing/lidar/right/pointcloud_before_sync] is nullptr, skipping pointcloud publish.
[component_container_mt-1] [WARN] [1787493298.034578726] [sensing.lidar.concatenate_data]: transformed_raw_points[/sensing/lidar/right/pointcloud_before_sync] is nullptr, skipping pointcloud publish.
[component_container_mt-1] [WARN] [1787493298.034643537] [sensing.lidar.concatenate_data]: transformed_raw_points[/sensing/lidar/top/pointcloud_before_sync] is nullptr, skipping pointcloud publish.
[component_container_mt-1] [WARN] [1787493298.135845088] [sensing.lidar.concatenate_data]: transformed_raw_points[/sensing/lidar/left/pointcloud_before_sync] is nullptr, skipping pointcloud publish.
[component_container_mt-1] [WARN] [1787493298.203754527] [sensing.lidar.concatenate_data]: transformed_raw_points[/sensing/lidar/right/pointcloud_before_sync] is nullptr, skipping pointcloud publish.
[component_container_mt-1] [WARN] [1787493298.203814508] [sensing.lidar.concatenate_data]: transformed_raw_points[/sensing/lidar/left/pointcloud_before_sync] is nullptr, skipping pointcloud publish.
[component_container_mt-1] [WARN] [1787493298.307069087] [sensing.lidar.concatenate_data]: transformed_raw_points[/sensing/lidar/top/pointcloud_before_sync] is nullptr, skipping pointcloud publish.
[component_container_mt-1] [WARN] [1787493298.307139737] [sensing.lidar.concatenate_data]: transformed_raw_points[/sensing/lidar/left/pointcloud_before_sync] is nullptr, skipping pointcloud publish.
[component_container-8] [INFO] [1787493298.396600972] [system.topic_state_monitor_scenario_planning_trajectory]: /planning/trajectory has not received. Set ERROR in diagnostics.
[component_container_mt-1] [WARN] [1787493298.540055781] [sensing.lidar.concatenate_data]: transformed_raw_points[/sensing/lidar/right/pointcloud_before_sync] is nullptr, skipping pointcloud publish.
[component_container_mt-1] [WARN] [1787493298.540110752] [sensing.lidar.concatenate_data]: transformed_raw_points[/sensing/lidar/left/pointcloud_before_sync] is nullptr, skipping pointcloud publish.
[component_container_mt-1] [WARN] [1787493298.644095934] [sensing.lidar.concatenate_data]: transformed_raw_points[/sensing/lidar/right/pointcloud_before_sync] is nullptr, skipping pointcloud publish.
[component_container_mt-1] [WARN] [1787493298.698534220] [sensing.lidar.concatenate_data]: transformed_raw_points[/sensing/lidar/right/pointcloud_before_sync] is nullptr, skipping pointcloud publish.
[component_container_mt-1] [WARN] [1787493298.698593410] [sensing.lidar.concatenate_data]: transformed_raw_points[/sensing/lidar/left/pointcloud_before_sync] is nullptr, skipping pointcloud publish.
[component_container_mt-1] [WARN] [1787493298.792461193] [sensing.lidar.concatenate_data]: transformed_raw_points[/sensing/lidar/right/pointcloud_before_sync] is nullptr, skipping pointcloud publish.
[component_container_mt-1] [WARN] [1787493298.792526323] [sensing.lidar.concatenate_data]: transformed_raw_points[/sensing/lidar/left/pointcloud_before_sync] is nullptr, skipping pointcloud publish.
[component_container_mt-1] [WARN] [1787493298.892722740] [sensing.lidar.concatenate_data]: transformed_raw_points[/sensing/lidar/top/pointcloud_before_sync] is nullptr, skipping pointcloud publish.
[autoware_scenario_selector_node-50] [WARN] [1787493298.932322637] [planning.scenario_planning.scenario_selector]: trajectory is delayed: scenario = LaneDriving, delay = 3.221794, th_max_message_delay = 1.000000
[component_container_mt-1] [WARN] [1787493299.050185475] [sensing.lidar.concatenate_data]: transformed_raw_points[/sensing/lidar/right/pointcloud_before_sync] is nullptr, skipping pointcloud publish.
[component_container_mt-1] [WARN] [1787493299.050268055] [sensing.lidar.concatenate_data]: transformed_raw_points[/sensing/lidar/left/pointcloud_before_sync] is nullptr, skipping pointcloud publish.
[autoware_ekf_localizer_node-29] [WARN] [1787493299.086588060] [localization.pose_twist_fusion_filter.ekf_localizer]: [EKF] Twist queue size (3) is exceeding max_queue_size (2). Consider increasing max_queue_size or reducing input frequency.
[component_container_mt-1] [WARN] [1787493299.106375508] [sensing.lidar.concatenate_data]: transformed_raw_points[/sensing/lidar/top/pointcloud_before_sync] is nullptr, skipping pointcloud publish.
[component_container_mt-1] [WARN] [1787493299.310444319] [sensing.lidar.concatenate_data]: transformed_raw_points[/sensing/lidar/top/pointcloud_before_sync] is nullptr, skipping pointcloud publish.
[component_container_mt-60] [INFO] [1787493299.407125793] [control.vehicle_cmd_gate]: The operation mode is changed, but the GearCommand is not received yet:
[component_container_mt-1] [WARN] [1787493299.407285684] [sensing.lidar.concatenate_data]: transformed_raw_points[/sensing/lidar/left/pointcloud_before_sync] is nullptr, skipping pointcloud publish.
[logging_node-15] [WARN] [1787493299.506165956] [logging_diag_graph]: The target mode is not available for the following reasons:
[logging_node-15] - /autoware/modes/autonomous ERROR
[logging_node-15]     - /autoware/planning ERROR
[logging_node-15]         - [anonymous group] ERROR
[logging_node-15]             - /autoware/planning/topic_rate_check/trajectory ERROR
[logging_node-15]             - /autoware/planning/trajectory_validation ERROR
[logging_node-15]     - /autoware/control ERROR
[logging_node-15]         - /autoware/control/topic_rate_check/trajectory_follower ERROR
[logging_node-15]         - /autoware/control/topic_rate_check/control_command ERROR
[logging_node-15] 
[component_container_mt-1] [WARN] [1787493299.555723323] [sensing.lidar.concatenate_data]: transformed_raw_points[/sensing/lidar/left/pointcloud_before_sync] is nullptr, skipping pointcloud publish.
[component_container-8] [WARN] [1787493299.588215632] [system.topic_state_monitor_control_command_control_cmd]: /control/command/control_cmd topic is timeout. Set ERROR in diagnostics.
[component_container_mt-1] [WARN] [1787493299.634174725] [sensing.lidar.concatenate_data]: transformed_raw_points[/sensing/lidar/left/pointcloud_before_sync] is nullptr, skipping pointcloud publish.
[component_container_mt-1] [WARN] [1787493299.703151649] [sensing.lidar.concatenate_data]: transformed_raw_points[/sensing/lidar/left/pointcloud_before_sync] is nullptr, skipping pointcloud publish.
[component_container_mt-55] [WARN] [1787493300.119542303] [planning.scenario_planning.lane_driving.motion_planning.motion_velocity_planner]: Initializing previous route pointer.. Reset output.
[component_container_mt-1] [WARN] [1787493300.197265763] [sensing.lidar.concatenate_data]: transformed_raw_points[/sensing/lidar/left/pointcloud_before_sync] is nullptr, skipping pointcloud publish.
[component_container_mt-1] [WARN] [1787493300.298163824] [sensing.lidar.concatenate_data]: transformed_raw_points[/sensing/lidar/left/pointcloud_before_sync] is nullptr, skipping pointcloud publish.
[logging_node-15] [INFO] [1787493300.395932143] [logging_diag_graph]: The target mode is available now.
[component_container_mt-1] [WARN] [1787493300.398594133] [sensing.lidar.concatenate_data]: transformed_raw_points[/sensing/lidar/left/pointcloud_before_sync] is nullptr, skipping pointcloud publish.
[component_container_mt-63] [INFO] [1787493300.464624836] [adapi.node.autoware_state]: AutowareState: Planning => WaitingForEngage
[component_container_mt-63] [INFO] [1787493300.688766978] [adapi.node.autoware_state]: AutowareState: WaitingForEngage => Planning
[component_container_mt-1] [WARN] [1787493300.741271477] [sensing.lidar.concatenate_data]: transformed_raw_points[/sensing/lidar/left/pointcloud_before_sync] is nullptr, skipping pointcloud publish.
[component_container_mt-1] [WARN] [1787493300.796675157] [sensing.lidar.concatenate_data]: transformed_raw_points[/sensing/lidar/left/pointcloud_before_sync] is nullptr, skipping pointcloud publish.
[logging_node-15] [INFO] [1787493300.901835785] [logging_diag_graph]: The target mode is available now.
[component_container_mt-1] [WARN] [1787493300.906098892] [sensing.lidar.concatenate_data]: transformed_raw_points[/sensing/lidar/left/pointcloud_before_sync] is nullptr, skipping pointcloud publish.
[component_container_mt-63] [INFO] [1787493301.070459976] [adapi.node.autoware_state]: AutowareState: Planning => WaitingForEngage
[component_container_mt-60] [ERROR] [1787493301.163422357] [control.vehicle_cmd_gate]: [VehicleCmdFilter] Longitudinal acceleration limit: constraint=±1.000 [m/s^2], input=-1.500 [m/s^2], output=-1.000 [m/s^2]
[component_container_mt-63] [INFO] [1787493301.173103845] [adapi.node.autoware_state]: AutowareState: WaitingForEngage => Driving
[component_container_mt-60] [ERROR] [1787493301.176281768] [control.vehicle_cmd_gate]: [VehicleCmdFilter] Acceleration change limit by longitudinal jerk: constraint(delta)=±0.008 [m/s^2], input_acc=-1.500 [m/s^2], output_acc=-1.008 [m/s^2]
[autoware_mrm_handler_node-14] [INFO] [1787493301.239945331] [system.mrm_handler]: MRM State changed: NORMAL -> MRM_OPERATING
[autoware_mrm_handler_node-14] [WARN] [1787493301.241745999] [system.mrm_handler]: EMERGENCY_STOP is operated.
[component_container_mt-60] [WARN] [1787493301.261680538] [control.vehicle_cmd_gate]: Emergency!
[component_container_mt-1] [WARN] [1787493301.338632785] [sensing.lidar.concatenate_data]: transformed_raw_points[/sensing/lidar/top/pointcloud_before_sync] is nullptr, skipping pointcloud publish.
[component_container_mt-1] [WARN] [1787493301.338704555] [sensing.lidar.concatenate_data]: transformed_raw_points[/sensing/lidar/left/pointcloud_before_sync] is nullptr, skipping pointcloud publish.
[autoware_mrm_handler_node-14] [INFO] [1787493301.338763375] [system.mrm_handler]: MRM State changed: MRM_OPERATING -> MRM_SUCCEEDED
[component_container_mt-1] [WARN] [1787493301.396059953] [sensing.lidar.concatenate_data]: transformed_raw_points[/sensing/lidar/left/pointcloud_before_sync] is nullptr, skipping pointcloud publish.
[logging_node-15] [INFO] [1787493301.502222516] [logging_diag_graph]: The target mode is available now.
[autoware_mrm_handler_node-14] [INFO] [1787493301.546231092] [system.mrm_handler]: MRM State changed: MRM_SUCCEEDED -> NORMAL
[autoware_mrm_handler_node-14] [WARN] [1787493301.546866384] [system.mrm_handler]: EMERGENCY_STOP is canceled.
[component_container_mt-60] [ERROR] [1787493301.548036459] [control.vehicle_cmd_gate]: [VehicleCmdFilter] Steering angle change rate limit: constraint(delta)=±0.035 [rad], input_steer=0.001 [rad], output_steer=0.001 [rad]
[component_container_mt-1] [WARN] [1787493301.703481338] [sensing.lidar.concatenate_data]: transformed_raw_points[/sensing/lidar/left/pointcloud_before_sync] is nullptr, skipping pointcloud publish.
[autoware_mrm_handler_node-14] [INFO] [1787493301.750128904] [system.mrm_handler]: MRM State changed: NORMAL -> MRM_OPERATING
[autoware_mrm_handler_node-14] [WARN] [1787493301.750540145] [system.mrm_handler]: EMERGENCY_STOP is operated.
[component_container_mt-1] [WARN] [1787493301.802843464] [sensing.lidar.concatenate_data]: transformed_raw_points[/sensing/lidar/left/pointcloud_before_sync] is nullptr, skipping pointcloud publish.
[autoware_mrm_handler_node-14] [INFO] [1787493301.850399623] [system.mrm_handler]: MRM State changed: MRM_OPERATING -> MRM_SUCCEEDED
[logging_node-15] [INFO] [1787493301.908259234] [logging_diag_graph]: The target mode is available now.
[component_container_mt-1] [WARN] [1787493301.914054227] [sensing.lidar.concatenate_data]: transformed_raw_points[/sensing/lidar/left/pointcloud_before_sync] is nullptr, skipping pointcloud publish.
[autoware_mrm_handler_node-14] [INFO] [1787493301.962721971] [system.mrm_handler]: MRM State changed: MRM_SUCCEEDED -> NORMAL
[autoware_mrm_handler_node-14] [WARN] [1787493301.963623064] [system.mrm_handler]: EMERGENCY_STOP is canceled.
[component_container_mt-1] [WARN] [1787493302.121363453] [sensing.lidar.concatenate_data]: transformed_raw_points[/sensing/lidar/left/pointcloud_before_sync] is nullptr, skipping pointcloud publish.
[component_container_mt-1] [WARN] [1787493302.213387180] [sensing.lidar.concatenate_data]: transformed_raw_points[/sensing/lidar/right/pointcloud_before_sync] is nullptr, skipping pointcloud publish.
[component_container_mt-1] [WARN] [1787493302.213457441] [sensing.lidar.concatenate_data]: transformed_raw_points[/sensing/lidar/left/pointcloud_before_sync] is nullptr, skipping pointcloud publish.
[autoware_mrm_handler_node-14] [INFO] [1787493302.245201817] [system.mrm_handler]: MRM State changed: NORMAL -> MRM_OPERATING
[autoware_mrm_handler_node-14] [WARN] [1787493302.247295745] [system.mrm_handler]: EMERGENCY_STOP is operated.
[logging_node-15] [INFO] [1787493302.293747181] [logging_diag_graph]: The target mode is available now.
[component_container_mt-60] [WARN] [1787493302.298660800] [control.vehicle_cmd_gate]: Emergency!
[autoware_mrm_handler_node-14] [INFO] [1787493302.358611960] [system.mrm_handler]: MRM State changed: MRM_OPERATING -> NORMAL
[autoware_mrm_handler_node-14] [WARN] [1787493302.359754534] [system.mrm_handler]: EMERGENCY_STOP is canceled.
[component_container_mt-60] [ERROR] [1787493302.379653994] [control.vehicle_cmd_gate]: [VehicleCmdFilter] Velocity change limit by longitudinal acceleration: constraint(delta)=±0.167 [m/s], input_vel=0.250 [m/s], output_vel=0.167 [m/s]
[logging_node-15] [WARN] [1787493302.515170084] [logging_diag_graph]: The target mode is not available for the following reasons:
[logging_node-15] - /autoware/modes/autonomous WARN 
[logging_node-15]     - /autoware/localization WARN 
[logging_node-15]         - [anonymous group] WARN 
[logging_node-15]             - /autoware/localization/sensor_fusion_status WARN 
[logging_node-15] 
[component_container_mt-1] [WARN] [1787493302.515439855] [sensing.lidar.concatenate_data]: transformed_raw_points[/sensing/lidar/right/pointcloud_before_sync] is nullptr, skipping pointcloud publish.
[component_container_mt-1] [WARN] [1787493302.515486785] [sensing.lidar.concatenate_data]: transformed_raw_points[/sensing/lidar/left/pointcloud_before_sync] is nullptr, skipping pointcloud publish.
[autoware_mrm_handler_node-14] [INFO] [1787493302.565766506] [system.mrm_handler]: MRM State changed: NORMAL -> MRM_OPERATING
[autoware_mrm_handler_node-14] [WARN] [1787493302.567460803] [system.mrm_handler]: EMERGENCY_STOP is operated.
[autoware_mrm_handler_node-14] [INFO] [1787493302.660826285] [system.mrm_handler]: MRM State changed: MRM_OPERATING -> MRM_SUCCEEDED
[logging_node-15] [INFO] [1787493302.912189138] [logging_diag_graph]: The target mode is available now.
[autoware_mrm_handler_node-14] [INFO] [1787493302.950062659] [system.mrm_handler]: MRM State changed: MRM_SUCCEEDED -> NORMAL
[autoware_mrm_handler_node-14] [WARN] [1787493302.950622481] [system.mrm_handler]: EMERGENCY_STOP is canceled.
[autoware_ekf_localizer_node-29] [WARN] [1787493303.053062520] [localization.pose_twist_fusion_filter.ekf_localizer]: [EKF] Twist queue size (3) is exceeding max_queue_size (2). Consider increasing max_queue_size or reducing input frequency.
[autoware_mrm_handler_node-14] [INFO] [1787493303.057998660] [system.mrm_handler]: MRM State changed: NORMAL -> MRM_OPERATING
[autoware_mrm_handler_node-14] [WARN] [1787493303.059573216] [system.mrm_handler]: EMERGENCY_STOP is operated.
[traffic_light_arbiter_node-43] [WARN] [1787493303.073353871] [perception.traffic_light_recognition.traffic_light_arbiter]: Published traffic signal messages are not latest
[logging_node-15] [INFO] [1787493303.100152668] [logging_diag_graph]: The target mode is available now.
[autoware_mrm_handler_node-14] [INFO] [1787493303.143871283] [system.mrm_handler]: MRM State changed: MRM_OPERATING -> NORMAL
[autoware_mrm_handler_node-14] [WARN] [1787493303.144205614] [system.mrm_handler]: EMERGENCY_STOP is canceled.
[autoware_mrm_handler_node-14] [INFO] [1787493303.245718460] [system.mrm_handler]: MRM State changed: NORMAL -> MRM_OPERATING
[component_container_mt-1] [WARN] [1787493303.245967651] [sensing.lidar.concatenate_data]: transformed_raw_points[/sensing/lidar/left/pointcloud_before_sync] is nullptr, skipping pointcloud publish.
[autoware_mrm_handler_node-14] [WARN] [1787493303.246730964] [system.mrm_handler]: EMERGENCY_STOP is operated.
[component_container_mt-60] [WARN] [1787493303.303512120] [control.vehicle_cmd_gate]: Emergency!
[component_container_mt-1] [WARN] [1787493303.303628831] [sensing.lidar.concatenate_data]: transformed_raw_points[/sensing/lidar/left/pointcloud_before_sync] is nullptr, skipping pointcloud publish.
[autoware_mrm_handler_node-14] [INFO] [1787493303.358137249] [system.mrm_handler]: MRM State changed: MRM_OPERATING -> MRM_SUCCEEDED
[logging_node-15] [INFO] [1787493303.414728095] [logging_diag_graph]: The target mode is available now.
[component_container_mt-1] [WARN] [1787493303.416892473] [sensing.lidar.concatenate_data]: transformed_raw_points[/sensing/lidar/left/pointcloud_before_sync] is nullptr, skipping pointcloud publish.
[autoware_mrm_handler_node-14] [INFO] [1787493303.459640544] [system.mrm_handler]: MRM State changed: MRM_SUCCEEDED -> NORMAL
[autoware_mrm_handler_node-14] [WARN] [1787493303.462467295] [system.mrm_handler]: EMERGENCY_STOP is canceled.
[autoware_mrm_handler_node-14] [INFO] [1787493303.747929256] [system.mrm_handler]: MRM State changed: NORMAL -> MRM_OPERATING
[autoware_mrm_handler_node-14] [WARN] [1787493303.749404352] [system.mrm_handler]: EMERGENCY_STOP is operated.
[logging_node-15] [INFO] [1787493303.816065398] [logging_diag_graph]: The target mode is available now.
[autoware_mrm_handler_node-14] [INFO] [1787493303.850055024] [system.mrm_handler]: MRM State changed: MRM_OPERATING -> NORMAL
[autoware_mrm_handler_node-14] [WARN] [1787493303.851095608] [system.mrm_handler]: EMERGENCY_STOP is canceled.
[component_container_mt-60] [INFO] [1787493303.861064018] [control.autoware_operation_mode_transition_manager]: Engage unavailable: enable_engage_on_driving is false, and the vehicle is not stationary.
[autoware_mrm_handler_node-14] [INFO] [1787493303.947647774] [system.mrm_handler]: MRM State changed: NORMAL -> MRM_OPERATING
[autoware_mrm_handler_node-14] [WARN] [1787493303.948429717] [system.mrm_handler]: EMERGENCY_STOP is operated.
[logging_node-15] [INFO] [1787493304.016082067] [logging_diag_graph]: The target mode is available now.
[autoware_mrm_handler_node-14] [INFO] [1787493304.049330630] [system.mrm_handler]: MRM State changed: MRM_OPERATING -> NORMAL
[autoware_mrm_handler_node-14] [WARN] [1787493304.050795436] [system.mrm_handler]: EMERGENCY_STOP is canceled.
[autoware_mrm_handler_node-14] [INFO] [1787493304.149369940] [system.mrm_handler]: MRM State changed: NORMAL -> MRM_OPERATING
[component_container_mt-1] [WARN] [1787493304.149714351] [sensing.lidar.concatenate_data]: transformed_raw_points[/sensing/lidar/left/pointcloud_before_sync] is nullptr, skipping pointcloud publish.
[autoware_mrm_handler_node-14] [WARN] [1787493304.152943004] [system.mrm_handler]: EMERGENCY_STOP is operated.
[logging_node-15] [INFO] [1787493304.296685549] [logging_diag_graph]: The target mode is available now.
[component_container_mt-60] [WARN] [1787493304.300013463] [control.vehicle_cmd_gate]: Emergency!
[autoware_mrm_handler_node-14] [INFO] [1787493304.343214645] [system.mrm_handler]: MRM State changed: MRM_OPERATING -> NORMAL
[autoware_mrm_handler_node-14] [WARN] [1787493304.346056817] [system.mrm_handler]: EMERGENCY_STOP is canceled.
[autoware_mrm_handler_node-14] [INFO] [1787493304.453202045] [system.mrm_handler]: MRM State changed: NORMAL -> MRM_OPERATING
[autoware_mrm_handler_node-14] [WARN] [1787493304.453743298] [system.mrm_handler]: EMERGENCY_STOP is operated.
[logging_node-15] [INFO] [1787493304.508770798] [logging_diag_graph]: The target mode is available now.
[autoware_mrm_handler_node-14] [INFO] [1787493304.541469099] [system.mrm_handler]: MRM State changed: MRM_OPERATING -> NORMAL
[autoware_mrm_handler_node-14] [WARN] [1787493304.541958610] [system.mrm_handler]: EMERGENCY_STOP is canceled.
[autoware_mrm_handler_node-14] [INFO] [1787493304.755279584] [system.mrm_handler]: MRM State changed: NORMAL -> MRM_OPERATING
[autoware_mrm_handler_node-14] [WARN] [1787493304.756512339] [system.mrm_handler]: EMERGENCY_STOP is operated.
[logging_node-15] [INFO] [1787493304.898276366] [logging_diag_graph]: The target mode is available now.
[autoware_mrm_handler_node-14] [INFO] [1787493304.944580471] [system.mrm_handler]: MRM State changed: MRM_OPERATING -> NORMAL
[autoware_mrm_handler_node-14] [WARN] [1787493304.946710689] [system.mrm_handler]: EMERGENCY_STOP is canceled.
[autoware_mrm_handler_node-14] [INFO] [1787493305.045649505] [system.mrm_handler]: MRM State changed: NORMAL -> MRM_OPERATING
[autoware_mrm_handler_node-14] [WARN] [1787493305.047135471] [system.mrm_handler]: EMERGENCY_STOP is operated.
[logging_node-15] [INFO] [1787493305.109578752] [logging_diag_graph]: The target mode is available now.
[autoware_mrm_handler_node-14] [INFO] [1787493305.155609476] [system.mrm_handler]: MRM State changed: MRM_OPERATING -> NORMAL
[autoware_mrm_handler_node-14] [WARN] [1787493305.155825527] [system.mrm_handler]: EMERGENCY_STOP is canceled.
[autoware_mrm_handler_node-14] [INFO] [1787493305.445072485] [system.mrm_handler]: MRM State changed: NORMAL -> MRM_OPERATING
[autoware_mrm_handler_node-14] [WARN] [1787493305.446769592] [system.mrm_handler]: EMERGENCY_STOP is operated.
[component_container_mt-60] [WARN] [1787493305.463375059] [control.vehicle_cmd_gate]: Emergency!
[logging_node-15] [INFO] [1787493305.606788373] [logging_diag_graph]: The target mode is available now.
[autoware_mrm_handler_node-14] [INFO] [1787493305.640467508] [system.mrm_handler]: MRM State changed: MRM_OPERATING -> NORMAL
[autoware_mrm_handler_node-14] [WARN] [1787493305.641696163] [system.mrm_handler]: EMERGENCY_STOP is canceled.
[logging_node-15] [WARN] [1787493305.802174776] [logging_diag_graph]: The target mode is not available for the following reasons:
[logging_node-15] - /autoware/modes/autonomous WARN 
[logging_node-15]     - /autoware/localization WARN 
[logging_node-15]         - [anonymous group] WARN 
[logging_node-15]             - /autoware/localization/sensor_fusion_status WARN 
[logging_node-15] 
[autoware_mrm_handler_node-14] [INFO] [1787493305.849484435] [system.mrm_handler]: MRM State changed: NORMAL -> MRM_OPERATING
[autoware_mrm_handler_node-14] [WARN] [1787493305.850880511] [system.mrm_handler]: EMERGENCY_STOP is operated.
[logging_node-15] [INFO] [1787493305.904016014] [logging_diag_graph]: The target mode is available now.
[autoware_mrm_handler_node-14] [INFO] [1787493305.949934668] [system.mrm_handler]: MRM State changed: MRM_OPERATING -> NORMAL
[autoware_mrm_handler_node-14] [WARN] [1787493305.951011122] [system.mrm_handler]: EMERGENCY_STOP is canceled.
[autoware_mrm_handler_node-14] [INFO] [1787493306.044766768] [system.mrm_handler]: MRM State changed: NORMAL -> MRM_OPERATING
[autoware_mrm_handler_node-14] [WARN] [1787493306.045531161] [system.mrm_handler]: EMERGENCY_STOP is operated.
[logging_node-15] [INFO] [1787493306.110963703] [logging_diag_graph]: The target mode is available now.
[autoware_mrm_handler_node-14] [INFO] [1787493306.146017094] [system.mrm_handler]: MRM State changed: MRM_OPERATING -> NORMAL
[autoware_mrm_handler_node-14] [WARN] [1787493306.146440876] [system.mrm_handler]: EMERGENCY_STOP is canceled.
[component_container_mt-60] [ERROR] [1787493306.193089463] [control.vehicle_cmd_gate]: [VehicleCmdFilter] Acceleration change limit by longitudinal jerk: constraint(delta)=±0.167 [m/s^2], input_acc=1.060 [m/s^2], output_acc=1.025 [m/s^2]
[autoware_mrm_handler_node-14] [INFO] [1787493306.256711788] [system.mrm_handler]: MRM State changed: NORMAL -> MRM_OPERATING
[autoware_mrm_handler_node-14] [WARN] [1787493306.257356220] [system.mrm_handler]: EMERGENCY_STOP is operated.
[logging_node-15] [INFO] [1787493306.288976747] [logging_diag_graph]: The target mode is available now.
[autoware_mrm_handler_node-14] [INFO] [1787493306.357311751] [system.mrm_handler]: MRM State changed: MRM_OPERATING -> NORMAL
[autoware_mrm_handler_node-14] [WARN] [1787493306.360407734] [system.mrm_handler]: EMERGENCY_STOP is canceled.
[autoware_mrm_handler_node-14] [INFO] [1787493306.445865297] [system.mrm_handler]: MRM State changed: NORMAL -> MRM_OPERATING
[autoware_mrm_handler_node-14] [WARN] [1787493306.446938651] [system.mrm_handler]: EMERGENCY_STOP is operated.
[logging_node-15] [INFO] [1787493306.502337903] [logging_diag_graph]: The target mode is available now.
[component_container_mt-60] [WARN] [1787493306.503486378] [control.vehicle_cmd_gate]: Emergency!
[autoware_mrm_handler_node-14] [INFO] [1787493306.545831438] [system.mrm_handler]: MRM State changed: MRM_OPERATING -> NORMAL
[autoware_mrm_handler_node-14] [WARN] [1787493306.547201063] [system.mrm_handler]: EMERGENCY_STOP is canceled.
[autoware_mrm_handler_node-14] [INFO] [1787493306.645087906] [system.mrm_handler]: MRM State changed: NORMAL -> MRM_OPERATING
[autoware_mrm_handler_node-14] [WARN] [1787493306.646231800] [system.mrm_handler]: EMERGENCY_STOP is operated.
[logging_node-15] [INFO] [1787493306.700484028] [logging_diag_graph]: The target mode is available now.
[autoware_mrm_handler_node-14] [INFO] [1787493306.744337614] [system.mrm_handler]: MRM State changed: MRM_OPERATING -> NORMAL
[autoware_mrm_handler_node-14] [WARN] [1787493306.745967780] [system.mrm_handler]: EMERGENCY_STOP is canceled.
[component_container_mt-60] [ERROR] [1787493306.747300306] [control.vehicle_cmd_gate]: [VehicleCmdFilter] Steering angle change rate limit: constraint(delta)=±0.000 [rad], input_steer=0.016 [rad], output_steer=0.020 [rad]
[component_container_mt-1] [WARN] [1787493306.810451289] [sensing.lidar.concatenate_data]: transformed_raw_points[/sensing/lidar/right/pointcloud_before_sync] is nullptr, skipping pointcloud publish.
[autoware_mrm_handler_node-14] [INFO] [1787493306.855102988] [system.mrm_handler]: MRM State changed: NORMAL -> MRM_OPERATING
[autoware_mrm_handler_node-14] [WARN] [1787493306.855469650] [system.mrm_handler]: EMERGENCY_STOP is operated.
[component_container_mt-60] [INFO] [1787493306.865409339] [control.autoware_operation_mode_transition_manager]: Engage unavailable: enable_engage_on_driving is false, and the vehicle is not stationary.
[component_container_mt-1] [WARN] [1787493306.899849488] [sensing.lidar.concatenate_data]: transformed_raw_points[/sensing/lidar/right/pointcloud_before_sync] is nullptr, skipping pointcloud publish.
[logging_node-15] [INFO] [1787493307.001663526] [logging_diag_graph]: The target mode is available now.
[autoware_mrm_handler_node-14] [INFO] [1787493307.048227773] [system.mrm_handler]: MRM State changed: MRM_OPERATING -> NORMAL
[component_container_mt-1] [WARN] [1787493307.049223937] [sensing.lidar.concatenate_data]: transformed_raw_points[/sensing/lidar/right/pointcloud_before_sync] is nullptr, skipping pointcloud publish.
[autoware_mrm_handler_node-14] [WARN] [1787493307.049292827] [system.mrm_handler]: EMERGENCY_STOP is canceled.
[component_container_mt-1] [WARN] [1787493307.106232846] [sensing.lidar.concatenate_data]: transformed_raw_points[/sensing/lidar/right/pointcloud_before_sync] is nullptr, skipping pointcloud publish.
[component_container_mt-1] [WARN] [1787493307.216582499] [sensing.lidar.concatenate_data]: transformed_raw_points[/sensing/lidar/right/pointcloud_before_sync] is nullptr, skipping pointcloud publish.
[component_container_mt-1] [WARN] [1787493307.216654180] [sensing.lidar.concatenate_data]: transformed_raw_points[/sensing/lidar/left/pointcloud_before_sync] is nullptr, skipping pointcloud publish.
[autoware_mrm_handler_node-14] [INFO] [1787493307.551748535] [system.mrm_handler]: MRM State changed: NORMAL -> MRM_OPERATING
[autoware_mrm_handler_node-14] [WARN] [1787493307.553755813] [system.mrm_handler]: EMERGENCY_STOP is operated.
[component_container_mt-60] [WARN] [1787493307.563372172] [control.vehicle_cmd_gate]: Emergency!
[logging_node-15] [INFO] [1787493307.585869832] [logging_diag_graph]: The target mode is available now.
[component_container_mt-60] [ERROR] [1787493307.589111375] [control.vehicle_cmd_gate]: [VehicleCmdFilter] Velocity change limit by longitudinal acceleration: constraint(delta)=±0.000 [m/s], input_vel=2.165 [m/s], output_vel=2.120 [m/s]
[autoware_ekf_localizer_node-29] [WARN] [1787493307.653349553] [localization.pose_twist_fusion_filter.ekf_localizer]: [EKF] Twist queue size (3) is exceeding max_queue_size (2). Consider increasing max_queue_size or reducing input frequency.
[autoware_mrm_handler_node-14] [INFO] [1787493307.654609508] [system.mrm_handler]: MRM State changed: MRM_OPERATING -> NORMAL
[autoware_mrm_handler_node-14] [WARN] [1787493307.656559716] [system.mrm_handler]: EMERGENCY_STOP is canceled.
[autoware_mrm_handler_node-14] [INFO] [1787493307.754899441] [system.mrm_handler]: MRM State changed: NORMAL -> MRM_OPERATING
[autoware_mrm_handler_node-14] [WARN] [1787493307.756145566] [system.mrm_handler]: EMERGENCY_STOP is operated.
[logging_node-15] [INFO] [1787493308.014866575] [logging_diag_graph]: The target mode is available now.
[autoware_mrm_handler_node-14] [INFO] [1787493308.048971693] [system.mrm_handler]: MRM State changed: MRM_OPERATING -> NORMAL
[autoware_mrm_handler_node-14] [WARN] [1787493308.050334268] [system.mrm_handler]: EMERGENCY_STOP is canceled.
[autoware_mrm_handler_node-14] [INFO] [1787493308.149759918] [system.mrm_handler]: MRM State changed: NORMAL -> MRM_OPERATING
[autoware_mrm_handler_node-14] [WARN] [1787493308.151476105] [system.mrm_handler]: EMERGENCY_STOP is operated.
[logging_node-15] [INFO] [1787493308.207189529] [logging_diag_graph]: The target mode is available now.
[autoware_mrm_handler_node-14] [INFO] [1787493308.252388321] [system.mrm_handler]: MRM State changed: MRM_OPERATING -> NORMAL
[autoware_mrm_handler_node-14] [WARN] [1787493308.254059648] [system.mrm_handler]: EMERGENCY_STOP is canceled.
[autoware_mrm_handler_node-14] [INFO] [1787493308.341160908] [system.mrm_handler]: MRM State changed: NORMAL -> MRM_OPERATING
[autoware_mrm_handler_node-14] [WARN] [1787493308.341844211] [system.mrm_handler]: EMERGENCY_STOP is operated.
[component_container_mt-1] [WARN] [1787493308.342241472] [sensing.lidar.concatenate_data]: transformed_raw_points[/sensing/lidar/right/pointcloud_before_sync] is nullptr, skipping pointcloud publish.
[component_container_mt-1] [WARN] [1787493308.443967412] [sensing.lidar.concatenate_data]: transformed_raw_points[/sensing/lidar/right/pointcloud_before_sync] is nullptr, skipping pointcloud publish.
[logging_node-15] [INFO] [1787493308.501819484] [logging_diag_graph]: The target mode is available now.
[component_container_mt-1] [WARN] [1787493308.502141925] [sensing.lidar.concatenate_data]: transformed_raw_points[/sensing/lidar/right/pointcloud_before_sync] is nullptr, skipping pointcloud publish.
[autoware_mrm_handler_node-14] [INFO] [1787493308.559462406] [system.mrm_handler]: MRM State changed: MRM_OPERATING -> NORMAL
[autoware_mrm_handler_node-14] [WARN] [1787493308.562685029] [system.mrm_handler]: EMERGENCY_STOP is canceled.
[traffic_light_arbiter_node-43] [WARN] [1787493308.712132290] [perception.traffic_light_recognition.traffic_light_arbiter]: Published traffic signal messages are not latest
[logging_node-15] [WARN] [1787493308.902693506] [logging_diag_graph]: The target mode is not available for the following reasons:
[logging_node-15] - /autoware/modes/autonomous WARN 
[logging_node-15]     - /autoware/localization WARN 
[logging_node-15]         - [anonymous group] WARN 
[logging_node-15]             - /autoware/localization/sensor_fusion_status WARN 
[logging_node-15] 
[component_container_mt-1] [WARN] [1787493308.940671589] [sensing.lidar.concatenate_data]: transformed_raw_points[/sensing/lidar/right/pointcloud_before_sync] is nullptr, skipping pointcloud publish.
[component_container_mt-1] [WARN] [1787493308.940726100] [sensing.lidar.concatenate_data]: transformed_raw_points[/sensing/lidar/top/pointcloud_before_sync] is nullptr, skipping pointcloud publish.
[autoware_mrm_handler_node-14] [INFO] [1787493308.950635739] [system.mrm_handler]: MRM State changed: NORMAL -> MRM_OPERATING
[autoware_mrm_handler_node-14] [WARN] [1787493308.951286552] [system.mrm_handler]: EMERGENCY_STOP is operated.
[component_container_mt-60] [WARN] [1787493308.951935835] [control.vehicle_cmd_gate]: Emergency!
[component_container_mt-1] [WARN] [1787493309.040126440] [sensing.lidar.concatenate_data]: transformed_raw_points[/sensing/lidar/right/pointcloud_before_sync] is nullptr, skipping pointcloud publish.
[logging_node-15] [INFO] [1787493309.107672842] [logging_diag_graph]: The target mode is available now.
[component_container_mt-1] [WARN] [1787493309.110651284] [sensing.lidar.concatenate_data]: transformed_raw_points[/sensing/lidar/right/pointcloud_before_sync] is nullptr, skipping pointcloud publish.
[component_container_mt-1] [WARN] [1787493309.111280146] [sensing.lidar.concatenate_data]: transformed_raw_points[/sensing/lidar/left/pointcloud_before_sync] is nullptr, skipping pointcloud publish.
[autoware_mrm_handler_node-14] [INFO] [1787493309.152893404] [system.mrm_handler]: MRM State changed: MRM_OPERATING -> NORMAL
[autoware_mrm_handler_node-14] [WARN] [1787493309.154905312] [system.mrm_handler]: EMERGENCY_STOP is canceled.
[component_container_mt-1] [WARN] [1787493309.211002028] [sensing.lidar.concatenate_data]: transformed_raw_points[/sensing/lidar/right/pointcloud_before_sync] is nullptr, skipping pointcloud publish.
[component_container_mt-1] [WARN] [1787493309.342098996] [sensing.lidar.concatenate_data]: transformed_raw_points[/sensing/lidar/right/pointcloud_before_sync] is nullptr, skipping pointcloud publish.
[component_container_mt-1] [WARN] [1787493309.444507278] [sensing.lidar.concatenate_data]: transformed_raw_points[/sensing/lidar/right/pointcloud_before_sync] is nullptr, skipping pointcloud publish.
[component_container_mt-60] [INFO] [1787493309.950225445] [control.autoware_operation_mode_transition_manager]: Engage unavailable: enable_engage_on_driving is false, and the vehicle is not stationary.
[autoware_mrm_handler_node-14] [INFO] [1787493310.050111478] [system.mrm_handler]: MRM State changed: NORMAL -> MRM_OPERATING
[autoware_mrm_handler_node-14] [WARN] [1787493310.050544150] [system.mrm_handler]: EMERGENCY_STOP is operated.
[component_container_mt-60] [WARN] [1787493310.051726884] [control.vehicle_cmd_gate]: Emergency!
[logging_node-15] [INFO] [1787493310.211862460] [logging_diag_graph]: The target mode is available now.
[autoware_mrm_handler_node-14] [INFO] [1787493310.245575006] [system.mrm_handler]: MRM State changed: MRM_OPERATING -> NORMAL
[autoware_mrm_handler_node-14] [WARN] [1787493310.246732171] [system.mrm_handler]: EMERGENCY_STOP is canceled.
[component_container_mt-54] [INFO] [1787493310.373493972] [planning.scenario_planning.lane_driving.behavior_planning.behavior_path_planner.goal_planner]: [IDLE] start preparing pull over path candidates once for goal ahead of 99.925967 meter
[autoware_ekf_localizer_node-29] [WARN] [1787493310.453620275] [localization.pose_twist_fusion_filter.ekf_localizer]: [EKF] Twist queue size (3) is exceeding max_queue_size (2). Consider increasing max_queue_size or reducing input frequency.
[autoware_mrm_handler_node-14] [INFO] [1787493310.555900028] [system.mrm_handler]: MRM State changed: NORMAL -> MRM_OPERATING
[autoware_mrm_handler_node-14] [WARN] [1787493310.559654913] [system.mrm_handler]: EMERGENCY_STOP is operated.
[logging_node-15] [INFO] [1787493310.601872383] [logging_diag_graph]: The target mode is available now.
[autoware_mrm_handler_node-14] [INFO] [1787493310.645781140] [system.mrm_handler]: MRM State changed: MRM_OPERATING -> NORMAL
[autoware_mrm_handler_node-14] [WARN] [1787493310.646601993] [system.mrm_handler]: EMERGENCY_STOP is canceled.
[component_container_mt-1] [WARN] [1787493310.734284317] [sensing.lidar.concatenate_data]: transformed_raw_points[/sensing/lidar/top/pointcloud_before_sync] is nullptr, skipping pointcloud publish.
[component_container_mt-1] [WARN] [1787493310.808611967] [sensing.lidar.concatenate_data]: transformed_raw_points[/sensing/lidar/top/pointcloud_before_sync] is nullptr, skipping pointcloud publish.
[autoware_mrm_handler_node-14] [INFO] [1787493310.867260723] [system.mrm_handler]: MRM State changed: NORMAL -> MRM_OPERATING
[autoware_mrm_handler_node-14] [WARN] [1787493310.868545439] [system.mrm_handler]: EMERGENCY_STOP is operated.
[logging_node-15] [INFO] [1787493310.903059188] [logging_diag_graph]: The target mode is available now.
[autoware_mrm_handler_node-14] [INFO] [1787493310.949451625] [system.mrm_handler]: MRM State changed: MRM_OPERATING -> NORMAL
[autoware_mrm_handler_node-14] [WARN] [1787493310.950066448] [system.mrm_handler]: EMERGENCY_STOP is canceled.
[component_container_mt-54] [INFO] [1787493311.009919009] [planning.scenario_planning.lane_driving.behavior_planning.behavior_path_planner.goal_planner]: generated 94 pull over path candidates
[component_container_mt-1] [WARN] [1787493311.318569295] [sensing.lidar.concatenate_data]: transformed_raw_points[/sensing/lidar/right/pointcloud_before_sync] is nullptr, skipping pointcloud publish.
[component_container_mt-1] [WARN] [1787493311.320077371] [sensing.lidar.concatenate_data]: transformed_raw_points[/sensing/lidar/top/pointcloud_before_sync] is nullptr, skipping pointcloud publish.
[autoware_mrm_handler_node-14] [INFO] [1787493311.351207297] [system.mrm_handler]: MRM State changed: NORMAL -> MRM_OPERATING
[autoware_mrm_handler_node-14] [WARN] [1787493311.352570953] [system.mrm_handler]: EMERGENCY_STOP is operated.
[component_container_mt-60] [WARN] [1787493311.354866912] [control.vehicle_cmd_gate]: Emergency!
[component_container_mt-1] [WARN] [1787493311.441996504] [sensing.lidar.concatenate_data]: transformed_raw_points[/sensing/lidar/right/pointcloud_before_sync] is nullptr, skipping pointcloud publish.
[component_container_mt-60] [ERROR] [1787493311.452617387] [control.vehicle_cmd_gate]: [VehicleCmdFilter] Acceleration change limit by longitudinal jerk: constraint(delta)=±0.000 [m/s^2], input_acc=0.935 [m/s^2], output_acc=1.009 [m/s^2]
[logging_node-15] [INFO] [1787493311.504600787] [logging_diag_graph]: The target mode is available now.
[component_container_mt-1] [WARN] [1787493311.538901075] [sensing.lidar.concatenate_data]: transformed_raw_points[/sensing/lidar/right/pointcloud_before_sync] is nullptr, skipping pointcloud publish.
[autoware_mrm_handler_node-14] [INFO] [1787493311.549209887] [system.mrm_handler]: MRM State changed: MRM_OPERATING -> NORMAL
[autoware_mrm_handler_node-14] [WARN] [1787493311.549841409] [system.mrm_handler]: EMERGENCY_STOP is canceled.
[component_container_mt-1] [WARN] [1787493311.638711988] [sensing.lidar.concatenate_data]: transformed_raw_points[/sensing/lidar/right/pointcloud_before_sync] is nullptr, skipping pointcloud publish.
[autoware_mrm_handler_node-14] [INFO] [1787493311.741558364] [system.mrm_handler]: MRM State changed: NORMAL -> MRM_OPERATING
[autoware_mrm_handler_node-14] [WARN] [1787493311.743616682] [system.mrm_handler]: EMERGENCY_STOP is operated.
[logging_node-15] [INFO] [1787493311.806846767] [logging_diag_graph]: The target mode is available now.
[autoware_mrm_handler_node-14] [INFO] [1787493311.857367491] [system.mrm_handler]: MRM State changed: MRM_OPERATING -> NORMAL
[autoware_mrm_handler_node-14] [WARN] [1787493311.858854157] [system.mrm_handler]: EMERGENCY_STOP is canceled.
[autoware_mrm_handler_node-14] [INFO] [1787493311.934841784] [system.mrm_handler]: MRM State changed: NORMAL -> MRM_OPERATING
[autoware_mrm_handler_node-14] [WARN] [1787493311.935609607] [system.mrm_handler]: EMERGENCY_STOP is operated.
[logging_node-15] [INFO] [1787493311.988271100] [logging_diag_graph]: The target mode is available now.
[autoware_mrm_handler_node-14] [INFO] [1787493312.057715261] [system.mrm_handler]: MRM State changed: MRM_OPERATING -> NORMAL
[autoware_mrm_handler_node-14] [WARN] [1787493312.058254633] [system.mrm_handler]: EMERGENCY_STOP is canceled.
[component_container_mt-60] [ERROR] [1787493312.058979526] [control.vehicle_cmd_gate]: [VehicleCmdFilter] Steering angle change rate limit: constraint(delta)=±0.000 [rad], input_steer=-0.015 [rad], output_steer=-0.010 [rad]
[logging_node-15] [WARN] [1787493312.102388962] [logging_diag_graph]: The target mode is not available for the following reasons:
[logging_node-15] - /autoware/modes/autonomous WARN 
[logging_node-15]     - /autoware/localization WARN 
[logging_node-15]         - [anonymous group] WARN 
[logging_node-15]             - /autoware/localization/sensor_fusion_status WARN 
[logging_node-15] 
[autoware_mrm_handler_node-14] [INFO] [1787493312.149818903] [system.mrm_handler]: MRM State changed: NORMAL -> MRM_OPERATING
[autoware_mrm_handler_node-14] [WARN] [1787493312.150453726] [system.mrm_handler]: EMERGENCY_STOP is operated.
[logging_node-15] [INFO] [1787493312.192727007] [logging_diag_graph]: The target mode is available now.
[autoware_mrm_handler_node-14] [INFO] [1787493312.250744531] [system.mrm_handler]: MRM State changed: MRM_OPERATING -> NORMAL
[autoware_mrm_handler_node-14] [WARN] [1787493312.252281988] [system.mrm_handler]: EMERGENCY_STOP is canceled.
[autoware_mrm_handler_node-14] [INFO] [1787493312.351538969] [system.mrm_handler]: MRM State changed: NORMAL -> MRM_OPERATING
[autoware_mrm_handler_node-14] [WARN] [1787493312.351882631] [system.mrm_handler]: EMERGENCY_STOP is operated.
[component_container_mt-1] [WARN] [1787493312.352371643] [sensing.lidar.concatenate_data]: transformed_raw_points[/sensing/lidar/right/pointcloud_before_sync] is nullptr, skipping pointcloud publish.
[component_container_mt-60] [WARN] [1787493312.353985569] [control.vehicle_cmd_gate]: Emergency!
[logging_node-15] [INFO] [1787493312.500688242] [logging_diag_graph]: The target mode is available now.
[autoware_ekf_localizer_node-29] [WARN] [1787493312.553089744] [localization.pose_twist_fusion_filter.ekf_localizer]: [EKF] Twist queue size (3) is exceeding max_queue_size (2). Consider increasing max_queue_size or reducing input frequency.
[autoware_mrm_handler_node-14] [INFO] [1787493312.557138491] [system.mrm_handler]: MRM State changed: MRM_OPERATING -> NORMAL
[autoware_mrm_handler_node-14] [WARN] [1787493312.558121714] [system.mrm_handler]: EMERGENCY_STOP is canceled.
[component_container_mt-60] [ERROR] [1787493312.671555533] [control.vehicle_cmd_gate]: [VehicleCmdFilter] Velocity change limit by longitudinal acceleration: constraint(delta)=±0.083 [m/s], input_vel=3.444 [m/s], output_vel=3.450 [m/s]
[autoware_mrm_handler_node-14] [INFO] [1787493312.748758346] [system.mrm_handler]: MRM State changed: NORMAL -> MRM_OPERATING
[autoware_mrm_handler_node-14] [WARN] [1787493312.750424112] [system.mrm_handler]: EMERGENCY_STOP is operated.
[component_container_mt-1] [WARN] [1787493312.751243966] [sensing.lidar.concatenate_data]: transformed_raw_points[/sensing/lidar/right/pointcloud_before_sync] is nullptr, skipping pointcloud publish.
[component_container_mt-1] [WARN] [1787493312.804699962] [sensing.lidar.concatenate_data]: transformed_raw_points[/sensing/lidar/right/pointcloud_before_sync] is nullptr, skipping pointcloud publish.
[logging_node-15] [INFO] [1787493312.894993437] [logging_diag_graph]: The target mode is available now.
[autoware_mrm_handler_node-14] [INFO] [1787493312.964757679] [system.mrm_handler]: MRM State changed: MRM_OPERATING -> NORMAL
[autoware_mrm_handler_node-14] [WARN] [1787493312.965027750] [system.mrm_handler]: EMERGENCY_STOP is canceled.
[component_container_mt-54] [WARN] [1787493312.983404984] [Trajectory]: The arc length -0.034394 is out of the trajectory length 97.900002
[component_container_mt-60] [INFO] [1787493313.075844709] [control.autoware_operation_mode_transition_manager]: Engage unavailable: enable_engage_on_driving is false, and the vehicle is not stationary.
[component_container_mt-54] [WARN] [1787493313.097387866] [Trajectory]: The arc length -0.402988 is out of the trajectory length 97.531206
[autoware_mrm_handler_node-14] [INFO] [1787493313.150457511] [system.mrm_handler]: MRM State changed: NORMAL -> MRM_OPERATING
[autoware_mrm_handler_node-14] [WARN] [1787493313.152134848] [system.mrm_handler]: EMERGENCY_STOP is operated.
[component_container_mt-54] [WARN] [1787493313.179025197] [Trajectory]: The arc length -0.726154 is out of the trajectory length 97.208085
[component_container_mt-1] [WARN] [1787493313.238887519] [sensing.lidar.concatenate_data]: transformed_raw_points[/sensing/lidar/right/pointcloud_before_sync] is nullptr, skipping pointcloud publish.
[component_container_mt-54] [WARN] [1787493313.284241573] [Trajectory]: The arc length -0.884361 is out of the trajectory length 97.049798
[component_container_mt-1] [WARN] [1787493313.306776884] [sensing.lidar.concatenate_data]: transformed_raw_points[/sensing/lidar/right/pointcloud_before_sync] is nullptr, skipping pointcloud publish.
[component_container_mt-1] [WARN] [1787493313.306839254] [sensing.lidar.concatenate_data]: transformed_raw_points[/sensing/lidar/top/pointcloud_before_sync] is nullptr, skipping pointcloud publish.
[component_container_mt-60] [WARN] [1787493313.361424395] [control.vehicle_cmd_gate]: Emergency!
[component_container_mt-54] [WARN] [1787493313.380412402] [Trajectory]: The arc length -0.884361 is out of the trajectory length 97.049774
[logging_node-15] [INFO] [1787493313.394157088] [logging_diag_graph]: The target mode is available now.
[autoware_mrm_handler_node-14] [INFO] [1787493313.452724395] [system.mrm_handler]: MRM State changed: MRM_OPERATING -> NORMAL
[autoware_mrm_handler_node-14] [WARN] [1787493313.453919080] [system.mrm_handler]: EMERGENCY_STOP is canceled.
[component_container_mt-54] [WARN] [1787493313.470461187] [Trajectory]: The arc length -0.884361 is out of the trajectory length 97.049763
[component_container_mt-54] [WARN] [1787493313.586575547] [Trajectory]: The arc length -0.884361 is out of the trajectory length 97.049757
[autoware_mrm_handler_node-14] [INFO] [1787493313.656116899] [system.mrm_handler]: MRM State changed: NORMAL -> MRM_OPERATING
[autoware_mrm_handler_node-14] [WARN] [1787493313.656760601] [system.mrm_handler]: EMERGENCY_STOP is operated.
[component_container_mt-54] [WARN] [1787493313.684391263] [Trajectory]: The arc length -0.884361 is out of the trajectory length 97.049756
[component_container_mt-54] [WARN] [1787493313.785361552] [Trajectory]: The arc length -0.884361 is out of the trajectory length 97.049749
[component_container_mt-1] [WARN] [1787493313.846202298] [sensing.lidar.concatenate_data]: transformed_raw_points[/sensing/lidar/right/pointcloud_before_sync] is nullptr, skipping pointcloud publish.
[component_container_mt-1] [WARN] [1787493313.846255769] [sensing.lidar.concatenate_data]: transformed_raw_points[/sensing/lidar/left/pointcloud_before_sync] is nullptr, skipping pointcloud publish.
[component_container_mt-54] [WARN] [1787493313.885784849] [Trajectory]: The arc length -0.884361 is out of the trajectory length 97.049750
[component_container_mt-1] [WARN] [1787493313.902887818] [sensing.lidar.concatenate_data]: transformed_raw_points[/sensing/lidar/right/pointcloud_before_sync] is nullptr, skipping pointcloud publish.
[component_container_mt-1] [WARN] [1787493313.902947758] [sensing.lidar.concatenate_data]: transformed_raw_points[/sensing/lidar/left/pointcloud_before_sync] is nullptr, skipping pointcloud publish.
[component_container_mt-54] [WARN] [1787493313.976386695] [Trajectory]: The arc length -0.884361 is out of the trajectory length 97.049752
[logging_node-15] [INFO] [1787493314.000510123] [logging_diag_graph]: The target mode is available now.
[component_container_mt-1] [WARN] [1787493314.002191350] [sensing.lidar.concatenate_data]: transformed_raw_points[/sensing/lidar/right/pointcloud_before_sync] is nullptr, skipping pointcloud publish.
[component_container_mt-1] [WARN] [1787493314.002231900] [sensing.lidar.concatenate_data]: transformed_raw_points[/sensing/lidar/left/pointcloud_before_sync] is nullptr, skipping pointcloud publish.
[autoware_mrm_handler_node-14] [INFO] [1787493314.055797837] [system.mrm_handler]: MRM State changed: MRM_OPERATING -> NORMAL
[autoware_mrm_handler_node-14] [WARN] [1787493314.056814361] [system.mrm_handler]: EMERGENCY_STOP is canceled.
[component_container_mt-54] [WARN] [1787493314.084817645] [Trajectory]: The arc length -0.884361 is out of the trajectory length 97.049754
[component_container_mt-54] [WARN] [1787493314.186443947] [Trajectory]: The arc length -0.884361 is out of the trajectory length 97.049755
[component_container_mt-54] [WARN] [1787493314.275173237] [Trajectory]: The arc length -0.884361 is out of the trajectory length 97.049755
[autoware_mrm_handler_node-14] [INFO] [1787493314.359614239] [system.mrm_handler]: MRM State changed: NORMAL -> MRM_OPERATING
[autoware_mrm_handler_node-14] [WARN] [1787493314.359969171] [system.mrm_handler]: EMERGENCY_STOP is operated.
[component_container_mt-60] [WARN] [1787493314.381755879] [control.vehicle_cmd_gate]: Emergency!
[component_container_mt-54] [WARN] [1787493314.388059005] [Trajectory]: The arc length -0.884361 is out of the trajectory length 97.049755
[autoware_mrm_handler_node-14] [INFO] [1787493314.447832827] [system.mrm_handler]: MRM State changed: MRM_OPERATING -> MRM_SUCCEEDED
[component_container_mt-54] [WARN] [1787493314.483503272] [Trajectory]: The arc length -0.884361 is out of the trajectory length 97.049755
[component_container_mt-54] [WARN] [1787493314.575431604] [Trajectory]: The arc length -0.884361 is out of the trajectory length 97.049755
[autoware_ekf_localizer_node-29] [WARN] [1787493314.653980283] [localization.pose_twist_fusion_filter.ekf_localizer]: [EKF] Twist queue size (3) is exceeding max_queue_size (2). Consider increasing max_queue_size or reducing input frequency.
[component_container_mt-54] [WARN] [1787493314.680252620] [Trajectory]: The arc length -0.884361 is out of the trajectory length 97.049755
[component_container_mt-54] [WARN] [1787493314.787012182] [Trajectory]: The arc length -0.884361 is out of the trajectory length 97.049755
[component_container_mt-54] [WARN] [1787493314.891555266] [Trajectory]: The arc length -0.884361 is out of the trajectory length 97.049755
[component_container_mt-1] [WARN] [1787493314.905349252] [sensing.lidar.concatenate_data]: transformed_raw_points[/sensing/lidar/right/pointcloud_before_sync] is nullptr, skipping pointcloud publish.
[component_container_mt-54] [WARN] [1787493314.980103065] [Trajectory]: The arc length -0.884361 is out of the trajectory length 97.049755
[component_container_mt-1] [WARN] [1787493315.009196053] [sensing.lidar.concatenate_data]: transformed_raw_points[/sensing/lidar/right/pointcloud_before_sync] is nullptr, skipping pointcloud publish.
[component_container_mt-1] [WARN] [1787493315.009283064] [sensing.lidar.concatenate_data]: transformed_raw_points[/sensing/lidar/left/pointcloud_before_sync] is nullptr, skipping pointcloud publish.
[component_container_mt-54] [WARN] [1787493315.090567674] [Trajectory]: The arc length -0.884361 is out of the trajectory length 97.049755
[logging_node-15] [INFO] [1787493315.094339839] [logging_diag_graph]: The target mode is available now.
[autoware_mrm_handler_node-14] [INFO] [1787493315.151957883] [system.mrm_handler]: MRM State changed: MRM_SUCCEEDED -> NORMAL
[autoware_mrm_handler_node-14] [WARN] [1787493315.153515499] [system.mrm_handler]: EMERGENCY_STOP is canceled.
[component_container_mt-54] [WARN] [1787493315.181659614] [Trajectory]: The arc length -0.884361 is out of the trajectory length 97.049754
[component_container_mt-54] [WARN] [1787493315.283082106] [Trajectory]: The arc length -0.884361 is out of the trajectory length 97.049754
[logging_node-15] [WARN] [1787493315.298567139] [logging_diag_graph]: The target mode is not available for the following reasons:
[logging_node-15] - /autoware/modes/autonomous WARN 
[logging_node-15]     - /autoware/localization WARN 
[logging_node-15]         - [anonymous group] WARN 
[logging_node-15]             - /autoware/localization/sensor_fusion_status WARN 
[logging_node-15] 
[autoware_mrm_handler_node-14] [INFO] [1787493315.344571675] [system.mrm_handler]: MRM State changed: NORMAL -> MRM_OPERATING
[autoware_mrm_handler_node-14] [WARN] [1787493315.345866530] [system.mrm_handler]: EMERGENCY_STOP is operated.
[component_container_mt-54] [WARN] [1787493315.386662606] [Trajectory]: The arc length -0.884361 is out of the trajectory length 97.049754
[logging_node-15] [INFO] [1787493315.390629092] [logging_diag_graph]: The target mode is available now.
[component_container_mt-60] [WARN] [1787493315.394918330] [control.vehicle_cmd_gate]: Emergency!
[autoware_mrm_handler_node-14] [INFO] [1787493315.447859825] [system.mrm_handler]: MRM State changed: MRM_OPERATING -> NORMAL
[autoware_mrm_handler_node-14] [WARN] [1787493315.448517697] [system.mrm_handler]: EMERGENCY_STOP is canceled.
[component_container_mt-54] [WARN] [1787493315.487818647] [Trajectory]: The arc length -0.884361 is out of the trajectory length 97.049754
[component_container_mt-1] [WARN] [1787493315.506287172] [sensing.lidar.concatenate_data]: transformed_raw_points[/sensing/lidar/right/pointcloud_before_sync] is nullptr, skipping pointcloud publish.
[autoware_mrm_handler_node-14] [INFO] [1787493315.559403218] [system.mrm_handler]: MRM State changed: NORMAL -> MRM_OPERATING
[autoware_mrm_handler_node-14] [WARN] [1787493315.561579936] [system.mrm_handler]: EMERGENCY_STOP is operated.
[component_container_mt-54] [WARN] [1787493315.576825228] [Trajectory]: The arc length -0.884361 is out of the trajectory length 97.049754
[autoware_mrm_handler_node-14] [INFO] [1787493315.645913469] [system.mrm_handler]: MRM State changed: MRM_OPERATING -> MRM_SUCCEEDED
[component_container_mt-54] [WARN] [1787493315.694884068] [Trajectory]: The arc length -0.884361 is out of the trajectory length 97.049755
[logging_node-15] [INFO] [1787493315.697974120] [logging_diag_graph]: The target mode is available now.
[autoware_mrm_handler_node-14] [INFO] [1787493315.746954679] [system.mrm_handler]: MRM State changed: MRM_SUCCEEDED -> NORMAL
[autoware_mrm_handler_node-14] [WARN] [1787493315.747421101] [system.mrm_handler]: EMERGENCY_STOP is canceled.
[component_container_mt-54] [WARN] [1787493315.776411679] [Trajectory]: The arc length -0.884361 is out of the trajectory length 97.049755
[component_container_mt-54] [WARN] [1787493315.883327573] [Trajectory]: The arc length -0.884361 is out of the trajectory length 97.049755
[autoware_mrm_handler_node-14] [INFO] [1787493315.943231286] [system.mrm_handler]: MRM State changed: NORMAL -> MRM_OPERATING
[component_container_mt-1] [WARN] [1787493315.943832618] [sensing.lidar.concatenate_data]: transformed_raw_points[/sensing/lidar/right/pointcloud_before_sync] is nullptr, skipping pointcloud publish.
[component_container_mt-1] [WARN] [1787493315.943871048] [sensing.lidar.concatenate_data]: transformed_raw_points[/sensing/lidar/top/pointcloud_before_sync] is nullptr, skipping pointcloud publish.
[autoware_mrm_handler_node-14] [WARN] [1787493315.945897677] [system.mrm_handler]: EMERGENCY_STOP is operated.
[component_container_mt-54] [WARN] [1787493315.985911299] [Trajectory]: The arc length -0.884361 is out of the trajectory length 97.049756
[component_container_mt-1] [WARN] [1787493316.047664350] [sensing.lidar.concatenate_data]: transformed_raw_points[/sensing/lidar/top/pointcloud_before_sync] is nullptr, skipping pointcloud publish.
[component_container_mt-1] [WARN] [1787493316.047738911] [sensing.lidar.concatenate_data]: transformed_raw_points[/sensing/lidar/left/pointcloud_before_sync] is nullptr, skipping pointcloud publish.
[autoware_mrm_handler_node-14] [INFO] [1787493316.048387883] [system.mrm_handler]: MRM State changed: MRM_OPERATING -> NORMAL
[autoware_mrm_handler_node-14] [WARN] [1787493316.049216917] [system.mrm_handler]: EMERGENCY_STOP is canceled.
[component_container_mt-54] [WARN] [1787493316.086569148] [Trajectory]: The arc length -0.884361 is out of the trajectory length 97.049758
[logging_node-15] [INFO] [1787493316.101580380] [logging_diag_graph]: The target mode is available now.
[component_container_mt-1] [WARN] [1787493316.102558573] [sensing.lidar.concatenate_data]: transformed_raw_points[/sensing/lidar/right/pointcloud_before_sync] is nullptr, skipping pointcloud publish.
[component_container_mt-60] [INFO] [1787493316.158883253] [control.autoware_operation_mode_transition_manager]: Engage unavailable: enable_engage_on_driving is false, and the vehicle is not stationary.
[component_container_mt-54] [WARN] [1787493316.178766043] [Trajectory]: The arc length -0.884361 is out of the trajectory length 97.049759
[component_container_mt-1] [WARN] [1787493316.247841214] [sensing.lidar.concatenate_data]: transformed_raw_points[/sensing/lidar/right/pointcloud_before_sync] is nullptr, skipping pointcloud publish.
[component_container_mt-54] [WARN] [1787493316.285833249] [Trajectory]: The arc length -0.884361 is out of the trajectory length 97.049761
[component_container_mt-54] [WARN] [1787493316.383620026] [Trajectory]: The arc length -0.884361 is out of the trajectory length 97.049763
[autoware_mrm_handler_node-14] [INFO] [1787493316.441383181] [system.mrm_handler]: MRM State changed: NORMAL -> MRM_OPERATING
[autoware_mrm_handler_node-14] [WARN] [1787493316.442922757] [system.mrm_handler]: EMERGENCY_STOP is operated.
[component_container_mt-60] [WARN] [1787493316.462869978] [control.vehicle_cmd_gate]: Emergency!
[component_container_mt-60] [ERROR] [1787493316.462931399] [control.vehicle_cmd_gate]: [VehicleCmdFilter] Acceleration change limit by longitudinal jerk: constraint(delta)=±0.083 [m/s^2], input_acc=1.030 [m/s^2], output_acc=1.042 [m/s^2]
[component_container_mt-54] [WARN] [1787493316.481482654] [Trajectory]: The arc length -0.884361 is out of the trajectory length 97.049767
[logging_node-15] [INFO] [1787493316.497066768] [logging_diag_graph]: The target mode is available now.
[autoware_mrm_handler_node-14] [INFO] [1787493316.565539566] [system.mrm_handler]: MRM State changed: MRM_OPERATING -> NORMAL
[autoware_mrm_handler_node-14] [WARN] [1787493316.565777427] [system.mrm_handler]: EMERGENCY_STOP is canceled.
[component_container_mt-54] [WARN] [1787493316.584680934] [Trajectory]: The arc length -0.884361 is out of the trajectory length 97.049770
[autoware_mrm_handler_node-14] [INFO] [1787493316.646500655] [system.mrm_handler]: MRM State changed: NORMAL -> MRM_OPERATING
[autoware_mrm_handler_node-14] [WARN] [1787493316.647451319] [system.mrm_handler]: EMERGENCY_STOP is operated.
[component_container_mt-54] [WARN] [1787493316.686237107] [Trajectory]: The arc length -0.884361 is out of the trajectory length 97.049776
[logging_node-15] [INFO] [1787493316.700551205] [logging_diag_graph]: The target mode is available now.
[autoware_mrm_handler_node-14] [INFO] [1787493316.756505582] [system.mrm_handler]: MRM State changed: MRM_OPERATING -> NORMAL
[autoware_mrm_handler_node-14] [WARN] [1787493316.757690297] [system.mrm_handler]: EMERGENCY_STOP is canceled.
[component_container_mt-54] [WARN] [1787493316.776633094] [Trajectory]: The arc length -0.884361 is out of the trajectory length 97.049781
[autoware_mrm_handler_node-14] [INFO] [1787493316.850343374] [system.mrm_handler]: MRM State changed: NORMAL -> MRM_OPERATING
[autoware_mrm_handler_node-14] [WARN] [1787493316.851109647] [system.mrm_handler]: EMERGENCY_STOP is operated.
[component_container_mt-54] [WARN] [1787493316.880744267] [Trajectory]: The arc length -0.884361 is out of the trajectory length 97.049787
[logging_node-15] [INFO] [1787493316.894657084] [logging_diag_graph]: The target mode is available now.
[autoware_mrm_handler_node-14] [INFO] [1787493316.952066738] [system.mrm_handler]: MRM State changed: MRM_OPERATING -> NORMAL
[autoware_mrm_handler_node-14] [WARN] [1787493316.953049961] [system.mrm_handler]: EMERGENCY_STOP is canceled.
[component_container_mt-54] [WARN] [1787493316.996874820] [Trajectory]: The arc length -0.884361 is out of the trajectory length 97.049794
[autoware_mrm_handler_node-14] [INFO] [1787493317.052569106] [system.mrm_handler]: MRM State changed: NORMAL -> MRM_OPERATING
[autoware_mrm_handler_node-14] [WARN] [1787493317.053558750] [system.mrm_handler]: EMERGENCY_STOP is operated.
[component_container_mt-54] [WARN] [1787493317.083367882] [Trajectory]: The arc length -0.884361 is out of the trajectory length 97.049799
[component_container_mt-54] [WARN] [1787493317.194980846] [Trajectory]: The arc length -2.947664 is out of the trajectory length 94.986290
[component_container_mt-54] [WARN] [1787493317.197370826] [planning.scenario_planning.lane_driving.behavior_planning.behavior_velocity_planner.traffic_light_module]: Failed to calculate stop point for regulatory element id 1489
[logging_node-15] [INFO] [1787493317.198109539] [logging_diag_graph]: The target mode is available now.
[autoware_mrm_handler_node-14] [INFO] [1787493317.244893729] [system.mrm_handler]: MRM State changed: MRM_OPERATING -> NORMAL
[autoware_mrm_handler_node-14] [WARN] [1787493317.245264941] [system.mrm_handler]: EMERGENCY_STOP is canceled.
[component_container_mt-54] [WARN] [1787493317.270378793] [Trajectory]: The arc length -3.025822 is out of the trajectory length 94.908239
[component_container_mt-1] [WARN] [1787493317.356264133] [sensing.lidar.concatenate_data]: transformed_raw_points[/sensing/lidar/right/pointcloud_before_sync] is nullptr, skipping pointcloud publish.
[autoware_mrm_handler_node-14] [INFO] [1787493317.358457632] [system.mrm_handler]: MRM State changed: NORMAL -> MRM_OPERATING
[autoware_mrm_handler_node-14] [WARN] [1787493317.359925228] [system.mrm_handler]: EMERGENCY_STOP is operated.
[component_container_mt-54] [WARN] [1787493317.385445612] [Trajectory]: The arc length -3.123796 is out of the trajectory length 94.810644
[component_container_mt-1] [WARN] [1787493317.445634697] [sensing.lidar.concatenate_data]: transformed_raw_points[/sensing/lidar/right/pointcloud_before_sync] is nullptr, skipping pointcloud publish.
[component_container_mt-54] [WARN] [1787493317.482513127] [Trajectory]: The arc length -3.226020 is out of the trajectory length 94.708347
[logging_node-15] [INFO] [1787493317.496742455] [logging_diag_graph]: The target mode is available now.
[component_container_mt-60] [WARN] [1787493317.497483428] [control.vehicle_cmd_gate]: Emergency!
[component_container_mt-1] [WARN] [1787493317.541048245] [sensing.lidar.concatenate_data]: transformed_raw_points[/sensing/lidar/right/pointcloud_before_sync] is nullptr, skipping pointcloud publish.
[component_container_mt-1] [WARN] [1787493317.541106875] [sensing.lidar.concatenate_data]: transformed_raw_points[/sensing/lidar/left/pointcloud_before_sync] is nullptr, skipping pointcloud publish.
[autoware_mrm_handler_node-14] [INFO] [1787493317.554795821] [system.mrm_handler]: MRM State changed: MRM_OPERATING -> NORMAL
[autoware_mrm_handler_node-14] [WARN] [1787493317.556802929] [system.mrm_handler]: EMERGENCY_STOP is canceled.
[component_container_mt-54] [WARN] [1787493317.580224265] [Trajectory]: The arc length -3.321401 is out of the trajectory length 94.612826
[component_container_mt-1] [WARN] [1787493317.607975438] [sensing.lidar.concatenate_data]: transformed_raw_points[/sensing/lidar/right/pointcloud_before_sync] is nullptr, skipping pointcloud publish.
[autoware_mrm_handler_node-14] [INFO] [1787493317.652556469] [system.mrm_handler]: MRM State changed: NORMAL -> MRM_OPERATING
[autoware_mrm_handler_node-14] [WARN] [1787493317.656110664] [system.mrm_handler]: EMERGENCY_STOP is operated.
[component_container_mt-54] [WARN] [1787493317.693731227] [Trajectory]: The arc length -3.440888 is out of the trajectory length 94.493542
[logging_node-15] [INFO] [1787493317.696363407] [logging_diag_graph]: The target mode is available now.
[component_container_mt-1] [WARN] [1787493317.697119221] [sensing.lidar.concatenate_data]: transformed_raw_points[/sensing/lidar/right/pointcloud_before_sync] is nullptr, skipping pointcloud publish.
[autoware_mrm_handler_node-14] [INFO] [1787493317.751335381] [system.mrm_handler]: MRM State changed: MRM_OPERATING -> NORMAL
[autoware_mrm_handler_node-14] [WARN] [1787493317.752032214] [system.mrm_handler]: EMERGENCY_STOP is canceled.
[component_container_mt-60] [ERROR] [1787493317.752483646] [control.vehicle_cmd_gate]: [VehicleCmdFilter] Velocity change limit by longitudinal acceleration: constraint(delta)=±0.000 [m/s], input_vel=1.557 [m/s], output_vel=1.478 [m/s]
[component_container_mt-54] [WARN] [1787493317.781222313] [Trajectory]: The arc length -3.544421 is out of the trajectory length 94.389812
[component_container_mt-54] [WARN] [1787493317.880030365] [Trajectory]: The arc length -3.670471 is out of the trajectory length 94.264134
[component_container_mt-54] [WARN] [1787493317.983859938] [Trajectory]: The arc length -3.799330 is out of the trajectory length 94.003035
[component_container_mt-60] [ERROR] [1787493318.043681432] [control.vehicle_cmd_gate]: [VehicleCmdFilter] Steering angle change rate limit: constraint(delta)=±0.033 [rad], input_steer=-0.000 [rad], output_steer=-0.000 [rad]
[autoware_mrm_handler_node-14] [INFO] [1787493318.052601438] [system.mrm_handler]: MRM State changed: NORMAL -> MRM_OPERATING
[autoware_mrm_handler_node-14] [WARN] [1787493318.053329741] [system.mrm_handler]: EMERGENCY_STOP is operated.
[component_container_mt-54] [WARN] [1787493318.084039416] [Trajectory]: The arc length -3.922360 is out of the trajectory length 94.003037
[logging_node-15] [INFO] [1787493318.111239607] [logging_diag_graph]: The target mode is available now.
[autoware_mrm_handler_node-14] [INFO] [1787493318.156195201] [system.mrm_handler]: MRM State changed: MRM_OPERATING -> NORMAL
[autoware_mrm_handler_node-14] [WARN] [1787493318.158301789] [system.mrm_handler]: EMERGENCY_STOP is canceled.
[component_container_mt-54] [WARN] [1787493318.184041264] [Trajectory]: The arc length -4.071192 is out of the trajectory length 93.863138
[autoware_mrm_handler_node-14] [INFO] [1787493318.243781608] [system.mrm_handler]: MRM State changed: NORMAL -> MRM_OPERATING
[autoware_mrm_handler_node-14] [WARN] [1787493318.245193653] [system.mrm_handler]: EMERGENCY_STOP is operated.
[component_container_mt-54] [WARN] [1787493318.282491245] [Trajectory]: The arc length -4.220088 is out of the trajectory length 93.714126
[component_container_mt-54] [WARN] [1787493318.376352608] [Trajectory]: The arc length -4.364447 is out of the trajectory length 93.569973
[component_container_mt-54] [WARN] [1787493318.485018281] [Trajectory]: The arc length -4.541280 is out of the trajectory length 93.392658
[logging_node-15] [INFO] [1787493318.498199295] [logging_diag_graph]: The target mode is available now.
[autoware_mrm_handler_node-14] [INFO] [1787493318.544522014] [system.mrm_handler]: MRM State changed: MRM_OPERATING -> NORMAL
[component_container_mt-60] [WARN] [1787493318.545592478] [control.vehicle_cmd_gate]: Emergency!
[autoware_mrm_handler_node-14] [WARN] [1787493318.547879547] [system.mrm_handler]: EMERGENCY_STOP is canceled.
[component_container_mt-54] [WARN] [1787493318.583878634] [Trajectory]: The arc length -4.695118 is out of the trajectory length 93.239524
[logging_node-15] [WARN] [1787493318.598664784] [logging_diag_graph]: The target mode is not available for the following reasons:
[logging_node-15] - /autoware/modes/autonomous WARN 
[logging_node-15]     - /autoware/localization WARN 
[logging_node-15]         - [anonymous group] WARN 
[logging_node-15]             - /autoware/localization/sensor_fusion_status WARN 
[logging_node-15] 
[component_container_mt-1] [WARN] [1787493318.644987233] [sensing.lidar.concatenate_data]: transformed_raw_points[/sensing/lidar/right/pointcloud_before_sync] is nullptr, skipping pointcloud publish.
[autoware_mrm_handler_node-14] [INFO] [1787493318.657426324] [system.mrm_handler]: MRM State changed: NORMAL -> MRM_OPERATING
[autoware_mrm_handler_node-14] [WARN] [1787493318.658212527] [system.mrm_handler]: EMERGENCY_STOP is operated.
[component_container_mt-54] [WARN] [1787493318.684704525] [Trajectory]: The arc length -4.849696 is out of the trajectory length 93.084348
[component_container_mt-1] [WARN] [1787493318.710096439] [sensing.lidar.concatenate_data]: transformed_raw_points[/sensing/lidar/right/pointcloud_before_sync] is nullptr, skipping pointcloud publish.
[component_container_mt-54] [WARN] [1787493318.785924978] [Trajectory]: The arc length -5.055815 is out of the trajectory length 92.878636
[logging_node-15] [INFO] [1787493318.800753688] [logging_diag_graph]: The target mode is available now.
[component_container_mt-1] [WARN] [1787493318.802027923] [sensing.lidar.concatenate_data]: transformed_raw_points[/sensing/lidar/right/pointcloud_before_sync] is nullptr, skipping pointcloud publish.
[component_container_mt-1] [WARN] [1787493318.802076404] [sensing.lidar.concatenate_data]: transformed_raw_points[/sensing/lidar/left/pointcloud_before_sync] is nullptr, skipping pointcloud publish.
[autoware_mrm_handler_node-14] [INFO] [1787493318.851334294] [system.mrm_handler]: MRM State changed: MRM_OPERATING -> NORMAL
[autoware_mrm_handler_node-14] [WARN] [1787493318.852317238] [system.mrm_handler]: EMERGENCY_STOP is canceled.
[component_container_mt-54] [WARN] [1787493318.879376739] [Trajectory]: The arc length -5.257488 is out of the trajectory length 92.676918
[component_container_mt-1] [WARN] [1787493318.904507761] [sensing.lidar.concatenate_data]: transformed_raw_points[/sensing/lidar/right/pointcloud_before_sync] is nullptr, skipping pointcloud publish.
[component_container_mt-1] [WARN] [1787493318.904564461] [sensing.lidar.concatenate_data]: transformed_raw_points[/sensing/lidar/top/pointcloud_before_sync] is nullptr, skipping pointcloud publish.
[autoware_ekf_localizer_node-29] [WARN] [1787493318.955620199] [localization.pose_twist_fusion_filter.ekf_localizer]: [EKF] Twist queue size (3) is exceeding max_queue_size (2). Consider increasing max_queue_size or reducing input frequency.
[component_container_mt-54] [WARN] [1787493318.988149302] [Trajectory]: The arc length -5.423574 is out of the trajectory length 92.510590
[component_container_mt-54] [WARN] [1787493319.087518818] [Trajectory]: The arc length -5.638450 is out of the trajectory length 92.296079
[component_container_mt-54] [WARN] [1787493319.178047087] [Trajectory]: The arc length -5.815090 is out of the trajectory length 92.003008
[autoware_mrm_handler_node-14] [INFO] [1787493319.249430278] [system.mrm_handler]: MRM State changed: NORMAL -> MRM_OPERATING
[autoware_mrm_handler_node-14] [WARN] [1787493319.251252476] [system.mrm_handler]: EMERGENCY_STOP is operated.
[component_container_mt-60] [INFO] [1787493319.261727639] [control.autoware_operation_mode_transition_manager]: Engage unavailable: enable_engage_on_driving is false, and the vehicle is not stationary.
[component_container_mt-54] [WARN] [1787493319.290274685] [Trajectory]: The arc length -6.038949 is out of the trajectory length 91.895151
[logging_node-15] [INFO] [1787493319.292835486] [logging_diag_graph]: The target mode is available now.
[autoware_mrm_handler_node-14] [INFO] [1787493319.352641940] [system.mrm_handler]: MRM State changed: MRM_OPERATING -> NORMAL
[autoware_mrm_handler_node-14] [WARN] [1787493319.353027341] [system.mrm_handler]: EMERGENCY_STOP is canceled.
[component_container_mt-54] [WARN] [1787493319.381241397] [Trajectory]: The arc length -6.230616 is out of the trajectory length 91.703610
[autoware_mrm_handler_node-14] [INFO] [1787493319.452997059] [system.mrm_handler]: MRM State changed: NORMAL -> MRM_OPERATING
[autoware_mrm_handler_node-14] [WARN] [1787493319.453182500] [system.mrm_handler]: EMERGENCY_STOP is operated.
[component_container_mt-54] [WARN] [1787493319.482973192] [Trajectory]: The arc length -6.454412 is out of the trajectory length 91.479508
[component_container_mt-60] [WARN] [1787493319.554476264] [control.vehicle_cmd_gate]: Emergency!
[component_container_mt-54] [WARN] [1787493319.583292821] [Trajectory]: The arc length -6.695351 is out of the trajectory length 91.238885
[logging_node-15] [INFO] [1787493319.598122272] [logging_diag_graph]: The target mode is available now.
[autoware_mrm_handler_node-14] [INFO] [1787493319.664364372] [system.mrm_handler]: MRM State changed: MRM_OPERATING -> NORMAL
[autoware_mrm_handler_node-14] [WARN] [1787493319.666007259] [system.mrm_handler]: EMERGENCY_STOP is canceled.
[component_container_mt-54] [WARN] [1787493319.684321554] [Trajectory]: The arc length -6.905573 is out of the trajectory length 91.029060
[autoware_mrm_handler_node-14] [INFO] [1787493319.755613545] [system.mrm_handler]: MRM State changed: NORMAL -> MRM_OPERATING
[autoware_mrm_handler_node-14] [WARN] [1787493319.759976583] [system.mrm_handler]: EMERGENCY_STOP is operated.
[component_container_mt-54] [WARN] [1787493319.785878088] [Trajectory]: The arc length -7.067025 is out of the trajectory length 90.866964
[logging_node-15] [INFO] [1787493319.790155166] [logging_diag_graph]: The target mode is available now.
[autoware_mrm_handler_node-14] [INFO] [1787493319.847273449] [system.mrm_handler]: MRM State changed: MRM_OPERATING -> NORMAL
[autoware_mrm_handler_node-14] [WARN] [1787493319.847494870] [system.mrm_handler]: EMERGENCY_STOP is canceled.
[component_container_mt-54] [WARN] [1787493319.885864906] [Trajectory]: The arc length -2.774753 is out of the trajectory length 90.477389
[autoware_mrm_handler_node-14] [INFO] [1787493319.949022684] [system.mrm_handler]: MRM State changed: NORMAL -> MRM_OPERATING
[autoware_mrm_handler_node-14] [WARN] [1787493319.950532501] [system.mrm_handler]: EMERGENCY_STOP is operated.
[component_container_mt-54] [WARN] [1787493319.976145795] [Trajectory]: The arc length -2.957095 is out of the trajectory length 90.294777
[component_container_mt-54] [WARN] [1787493320.088782375] [Trajectory]: The arc length -3.232240 is out of the trajectory length 90.002974
[logging_node-15] [INFO] [1787493320.103280735] [logging_diag_graph]: The target mode is available now.
[autoware_mrm_handler_node-14] [INFO] [1787493320.148375289] [system.mrm_handler]: MRM State changed: MRM_OPERATING -> NORMAL
[autoware_mrm_handler_node-14] [WARN] [1787493320.148636570] [system.mrm_handler]: EMERGENCY_STOP is canceled.
[component_container_mt-54] [WARN] [1787493320.178762693] [Trajectory]: The arc length -3.460800 is out of the trajectory length 89.790938
[component_container_mt-54] [WARN] [1787493320.281541593] [Trajectory]: The arc length -3.745399 is out of the trajectory length 89.506045
[component_container_mt-54] [WARN] [1787493320.384813735] [Trajectory]: The arc length -4.027534 is out of the trajectory length 89.224154
[autoware_mrm_handler_node-14] [INFO] [1787493320.444724430] [system.mrm_handler]: MRM State changed: NORMAL -> MRM_OPERATING
[autoware_mrm_handler_node-14] [WARN] [1787493320.445325303] [system.mrm_handler]: EMERGENCY_STOP is operated.
[component_container_mt-54] [WARN] [1787493320.483088777] [Trajectory]: The arc length -4.314534 is out of the trajectory length 88.937565
[logging_node-15] [INFO] [1787493320.499894176] [logging_diag_graph]: The target mode is available now.
[autoware_mrm_handler_node-14] [INFO] [1787493320.544365927] [system.mrm_handler]: MRM State changed: MRM_OPERATING -> NORMAL
[autoware_mrm_handler_node-14] [WARN] [1787493320.548348154] [system.mrm_handler]: EMERGENCY_STOP is canceled.
[component_container_mt-54] [WARN] [1787493320.583642178] [Trajectory]: The arc length -4.573274 is out of the trajectory length 88.678338
[component_container_mt-54] [WARN] [1787493320.690879636] [Trajectory]: The arc length -4.923249 is out of the trajectory length 88.328421
[autoware_mrm_handler_node-14] [INFO] [1787493320.748989984] [system.mrm_handler]: MRM State changed: NORMAL -> MRM_OPERATING
[autoware_mrm_handler_node-14] [WARN] [1787493320.750830112] [system.mrm_handler]: EMERGENCY_STOP is operated.
[component_container_mt-60] [WARN] [1787493320.750960632] [control.vehicle_cmd_gate]: Emergency!
[component_container_mt-54] [WARN] [1787493320.782266970] [Trajectory]: The arc length -5.142139 is out of the trajectory length 88.002938
[logging_node-15] [INFO] [1787493320.805366504] [logging_diag_graph]: The target mode is available now.
[autoware_mrm_handler_node-14] [INFO] [1787493320.850315348] [system.mrm_handler]: MRM State changed: MRM_OPERATING -> NORMAL
[autoware_mrm_handler_node-14] [WARN] [1787493320.851899124] [system.mrm_handler]: EMERGENCY_STOP is canceled.
[component_container_mt-54] [WARN] [1787493320.880447261] [Trajectory]: The arc length -5.476848 is out of the trajectory length 87.775114
[component_container_mt-54] [WARN] [1787493320.976605514] [Trajectory]: The arc length -5.754569 is out of the trajectory length 87.497258
[component_container_mt-54] [WARN] [1787493321.079680036] [Trajectory]: The arc length -6.087933 is out of the trajectory length 87.163465
[autoware_mrm_handler_node-14] [INFO] [1787493321.147325593] [system.mrm_handler]: MRM State changed: NORMAL -> MRM_OPERATING
[autoware_mrm_handler_node-14] [WARN] [1787493321.148794629] [system.mrm_handler]: EMERGENCY_STOP is operated.
[component_container_mt-1] [WARN] [1787493321.149243921] [sensing.lidar.concatenate_data]: transformed_raw_points[/sensing/lidar/right/pointcloud_before_sync] is nullptr, skipping pointcloud publish.
[component_container_mt-54] [WARN] [1787493321.189500436] [Trajectory]: The arc length -6.482601 is out of the trajectory length 86.768653
[component_container_mt-1] [WARN] [1787493321.253206676] [sensing.lidar.concatenate_data]: transformed_raw_points[/sensing/lidar/right/pointcloud_before_sync] is nullptr, skipping pointcloud publish.
[component_container_mt-1] [WARN] [1787493321.253255626] [sensing.lidar.concatenate_data]: transformed_raw_points[/sensing/lidar/top/pointcloud_before_sync] is nullptr, skipping pointcloud publish.
[component_container_mt-54] [WARN] [1787493321.283836821] [Trajectory]: The arc length -6.711367 is out of the trajectory length 86.540598
